accession,lineage
MK484705,A
OR770716,Unknown
OR770856,Unknown
OR770928,Unknown
OR770715,Unknown
OR770855,Unknown
OR770927,Unknown
OR770758,Unknown
OR770854,Unknown
OR770926,Unknown
OR770738,Unknown
OR770838,Unknown
OR770892,Unknown
OR770757,Unknown
OR770853,Unknown
OR770925,Unknown
OR770714,Unknown
OR770852,Unknown
OR770924,Unknown
OR770790,Unknown
OR770834,Unknown
OR770923,Unknown
OR770713,Unknown
OR770851,Unknown
OR770922,Unknown
OR770712,Unknown
OR770870,Unknown
OR770921,Unknown
OR770737,Unknown
OR770837,Unknown
OR770891,Unknown
OR770756,Unknown
OR770833,Unknown
OR770920,Unknown
OR770755,Unknown
OR770850,Unknown
OR770919,Unknown
OR770706,Unknown
OR770832,Unknown
OR770918,Unknown
OR770711,Unknown
OR770849,Unknown
OR770917,Unknown
OR770789,Unknown
OR770831,Unknown
OR770916,Unknown
OR770754,Unknown
OR770830,Unknown
OR770915,Unknown
OR770736,Unknown
OR770836,Unknown
OR770890,Unknown
OR770728,Unknown
OR770848,Unknown
OR770914,Unknown
OR770710,Unknown
OR770847,Unknown
OR770913,Unknown
OR770795,Unknown
OR770829,Unknown
OR770912,Unknown
OR770753,Unknown
OR770846,Unknown
OR770911,Unknown
OR770735,Unknown
OR770865,Unknown
OR770889,Unknown
OR770752,Unknown
OR770869,Unknown
OR770910,Unknown
OR770751,Unknown
OR770868,Unknown
OR770909,Unknown
OR770750,Unknown
OR770845,Unknown
OR770908,Unknown
OR770749,Unknown
OR770867,Unknown
OR770907,Unknown
OR770748,Unknown
OR770885,Unknown
OR770906,Unknown
OR770747,Unknown
OR770884,Unknown
OR770905,Unknown
OR770734,Unknown
OR770823,Unknown
OR770888,Unknown
OR770709,Unknown
OR770844,Unknown
OR770904,Unknown
OR770727,Unknown
OR770828,Unknown
OR770903,Unknown
OR770746,Unknown
OR770843,Unknown
OR770902,Unknown
OR770733,Unknown
OR770835,Unknown
OR770887,Unknown
OR770726,Unknown
OR770827,Unknown
OR770901,Unknown
OR770725,Unknown
OR770826,Unknown
OR770900,Unknown
OR770788,Unknown
OR770821,Unknown
OR770975,Unknown
OR770787,Unknown
OR770883,Unknown
OR770974,Unknown
OR770786,Unknown
OR770882,Unknown
OR770973,Unknown
OR770785,Unknown
OR770820,Unknown
OR770972,Unknown
OR770784,Unknown
OR770881,Unknown
OR770971,Unknown
OR770745,Unknown
OR770842,Unknown
OR770899,Unknown
OR770724,Unknown
OR770819,Unknown
OR770970,Unknown
OR770783,Unknown
OR770818,Unknown
OR770969,Unknown
OR770782,Unknown
OR770817,Unknown
OR770968,Unknown
OR770781,Unknown
OR770816,Unknown
OR770967,Unknown
OR770780,Unknown
OR770815,Unknown
OR770966,Unknown
OR770779,Unknown
OR770814,Unknown
OR770965,Unknown
OR770778,Unknown
OR770880,Unknown
OR770964,Unknown
OR770723,Unknown
OR770813,Unknown
OR770963,Unknown
OR770744,Unknown
OR770825,Unknown
OR770898,Unknown
OR770777,Unknown
OR770812,Unknown
OR770962,Unknown
OR770776,Unknown
OR770811,Unknown
OR770961,Unknown
OR770775,Unknown
OR770810,Unknown
OR770960,Unknown
OR770774,Unknown
OR770809,Unknown
OR770959,Unknown
OR770794,Unknown
OR770808,Unknown
OR770958,Unknown
OR770722,Unknown
OR770807,Unknown
OR770957,Unknown
OR770773,Unknown
OR770806,Unknown
OR770956,Unknown
OR770772,Unknown
OR770879,Unknown
OR770955,Unknown
OR770743,Unknown
OR770824,Unknown
OR770897,Unknown
OR770771,Unknown
OR770878,Unknown
OR770954,Unknown
OR770770,Unknown
OR770805,Unknown
OR770953,Unknown
OR770793,Unknown
OR770804,Unknown
OR770952,Unknown
OR770769,Unknown
OR770877,Unknown
OR770951,Unknown
OR770768,Unknown
OR770876,Unknown
OR770950,Unknown
OR770792,Unknown
OR770803,Unknown
OR770949,Unknown
OR770791,Unknown
OR770802,Unknown
OR770948,Unknown
OR770767,Unknown
OR770801,Unknown
OR770947,Unknown
OR770766,Unknown
OR770875,Unknown
OR770946,Unknown
OR770765,Unknown
OR770800,Unknown
OR770945,Unknown
OR770742,Unknown
OR770841,Unknown
OR770896,Unknown
OR770731,Unknown
OR770799,Unknown
OR770944,Unknown
OR770764,Unknown
OR770798,Unknown
OR770943,Unknown
OR770763,Unknown
OR770874,Unknown
OR770942,Unknown
OR770762,Unknown
OR770797,Unknown
OR770941,Unknown
OR770721,Unknown
OR770796,Unknown
OR770940,Unknown
OR770761,Unknown
OR770873,Unknown
OR770939,Unknown
OR770707,Unknown
OR770863,Unknown
OR770938,Unknown
OR770720,Unknown
OR770862,Unknown
OR770937,Unknown
OR770741,Unknown
OR770866,Unknown
OR770895,Unknown
OR770760,Unknown
OR770872,Unknown
OR770936,Unknown
OR770759,Unknown
OR770861,Unknown
OR770935,Unknown
OR770730,Unknown
OR770860,Unknown
OR770934,Unknown
OR770740,Unknown
OR770840,Unknown
OR770894,Unknown
OR770708,Unknown
OR770859,Unknown
OR770933,Unknown
OR770719,Unknown
OR770871,Unknown
OR770932,Unknown
OR770718,Unknown
OR770858,Unknown
OR770931,Unknown
OR770717,Unknown
OR770857,Unknown
OR770930,Unknown
OR770729,Unknown
OR770864,Unknown
OR770929,Unknown
OR770739,Unknown
OR770839,Unknown
OR770893,Unknown
OR770732,Unknown
OR770822,Unknown
OR770886,Unknown
KJ922765,Unknown
KJ922769,Unknown
KJ922764,Unknown
KJ922768,Unknown
PP974761,Unknown
MW810453,Unknown
MW810452,Unknown
MW810451,Unknown
MW810450,Unknown
MW810449,Unknown
MW810448,Unknown
MW810447,Unknown
MW810446,Unknown
MW810445,Unknown
MW810444,Unknown
MW810443,Unknown
MW810442,Unknown
MW810441,Unknown
MW810440,Unknown
MW810439,Unknown
MW810438,Unknown
MW810437,Unknown
MW810436,Unknown
MW810435,Unknown
MW810434,Unknown
MW810433,Unknown
MW810432,Unknown
MW810431,Unknown
OL688628,Unknown
LC027227,Unknown
LC027226,Unknown
LC027225,Unknown
LC027224,Unknown
LC027223,Unknown
LC027929,Unknown
LC027930,Unknown
KJ922763,Unknown
KJ922767,Unknown
KT070130,Unknown
KT070097,Unknown
KT070096,Unknown
KT070095,Unknown
KT070094,Unknown
KJ754957,Unknown
KJ754956,Unknown
KJ754955,Unknown
KJ754954,Unknown
KJ754953,Unknown
KJ754952,Unknown
KJ754951,Unknown
KJ754950,Unknown
KJ754967,Unknown
KJ754966,Unknown
KJ754965,Unknown
KJ754964,Unknown
KJ754963,Unknown
KJ754962,Unknown
KJ754961,Unknown
KJ754960,Unknown
KJ754959,Unknown
KJ754958,Unknown
KJ754949,Unknown
OL688625,Unknown
OL688627,Unknown
OL688624,Unknown
OR901498,Unknown
OL688623,Unknown
LC155220,Unknown
FJ429103,Unknown
FJ415228,Unknown
EU869318,Unknown
EU869317,Unknown
EU869316,Unknown
OL688621,Unknown
OL688622,Unknown
OL688626,Unknown
KP677557,Unknown
OR901497,Unknown
LC155219,Unknown
KT943723,Unknown
KU195224,Unknown
KT943725,Unknown
KU195223,Unknown
KT943724,Unknown
JX412135,Unknown
JX412173,Unknown
JX412134,Unknown
JX412172,Unknown
JX412133,Unknown
JX412171,Unknown
JX412131,Unknown
JX412169,Unknown
PQ215494,Unknown
PP974824,Unknown
PP974746,Unknown
JX412127,Unknown
JX412165,Unknown
JX412121,Unknown
JX412159,Unknown
JX412125,Unknown
JX412163,Unknown
KT966616,Unknown
KT959532,Unknown
KT966615,Unknown
KT966658,Unknown
KT959531,Unknown
KT966614,Unknown
KT966657,Unknown
KT959530,Unknown
KT966613,Unknown
KT966656,Unknown
KT959529,Unknown
KT966612,Unknown
KT966655,Unknown
KT959528,Unknown
KT966650,Unknown
KT966689,Unknown
KT959566,Unknown
KT966649,Unknown
KT966688,Unknown
KT959565,Unknown
KT966648,Unknown
KT966687,Unknown
KT959564,Unknown
KT966647,Unknown
KT959563,Unknown
KT966611,Unknown
KT966654,Unknown
KT959527,Unknown
KT966646,Unknown
KT966686,Unknown
KT959562,Unknown
KT966645,Unknown
KT966685,Unknown
KT959561,Unknown
KT966644,Unknown
KT966684,Unknown
KT959560,Unknown
KT966643,Unknown
KT966683,Unknown
KT959559,Unknown
KT966642,Unknown
KT966682,Unknown
KT959558,Unknown
KT966641,Unknown
KT959557,Unknown
KT966640,Unknown
KT966681,Unknown
KT959556,Unknown
KT966639,Unknown
KT966680,Unknown
KT959555,Unknown
KT966638,Unknown
KT966679,Unknown
KT959554,Unknown
KT966637,Unknown
KT966678,Unknown
KT959553,Unknown
KT966610,Unknown
KT966653,Unknown
KT959526,Unknown
KT966636,Unknown
KT966677,Unknown
KT959552,Unknown
KT966635,Unknown
KT966676,Unknown
KT959551,Unknown
KT966634,Unknown
KT966675,Unknown
KT959550,Unknown
KT966633,Unknown
KT966674,Unknown
KT959549,Unknown
KT966632,Unknown
KT966673,Unknown
KT959548,Unknown
KT966631,Unknown
KT959547,Unknown
KT966630,Unknown
KT966672,Unknown
KT959546,Unknown
KT966629,Unknown
KT966671,Unknown
KT959545,Unknown
KT966628,Unknown
KT966670,Unknown
KT959544,Unknown
KT966627,Unknown
KT966669,Unknown
KT959543,Unknown
KT966609,Unknown
KT966652,Unknown
KT959525,Unknown
KT966626,Unknown
KT966668,Unknown
KT959542,Unknown
KT966625,Unknown
KT966667,Unknown
KT959541,Unknown
KT966624,Unknown
KT966666,Unknown
KT959540,Unknown
KT966623,Unknown
KT966665,Unknown
KT959539,Unknown
KT966622,Unknown
KT966664,Unknown
KT959538,Unknown
KT966621,Unknown
KT966663,Unknown
KT959537,Unknown
KT966620,Unknown
KT966662,Unknown
KT959536,Unknown
KT966619,Unknown
KT966661,Unknown
KT959535,Unknown
KT966618,Unknown
KT966660,Unknown
KT959534,Unknown
KT966617,Unknown
KT966659,Unknown
KT959533,Unknown
KT966608,Unknown
KT966651,Unknown
KT959524,Unknown
JX412115,Unknown
JX412153,Unknown
LC155251,Unknown
JX412148,Unknown
JX412186,Unknown
JX412142,Unknown
JX412180,Unknown
JX412141,Unknown
JX412179,Unknown
JX412140,Unknown
JX412178,Unknown
JX412139,Unknown
JX412177,Unknown
PV809649,Unknown
PV809654,Unknown
PV357594,Unknown
PV357595,Unknown
MN987212,Unknown
MN987220,Unknown
MN987219,Unknown
MN987227,Unknown
MN987217,Unknown
MN987228,Unknown
MN987213,Unknown
MN987216,Unknown
MN987215,Unknown
MN987223,Unknown
MN987214,Unknown
MN987225,Unknown
MN987222,Unknown
MN987218,Unknown
MN987224,Unknown
MN987221,Unknown
MN987226,Unknown
PQ215510,Unknown
PQ215486,Unknown
PQ215511,Unknown
OP712097,A
OP712079,A
OP712041,A
OP712021,A
OP712015,A
OP711986,Unknown
OP711983,Unknown
AB663766,Unknown
AB663845,Unknown
AB663765,Unknown
AB663844,Unknown
AB663764,Unknown
AB663843,Unknown
AB663763,Unknown
AB663842,Unknown
AB663762,Unknown
AB663841,Unknown
AB663761,Unknown
AB663840,Unknown
AB663760,Unknown
AB663839,Unknown
AB663759,Unknown
AB663838,Unknown
AB663758,Unknown
AB663837,Unknown
AB663757,Unknown
AB663836,Unknown
AB663756,Unknown
AB663835,Unknown
AB663755,Unknown
AB663834,Unknown
AB663754,Unknown
AB663833,Unknown
AB663753,Unknown
AB663832,Unknown
AB663752,Unknown
AB663831,Unknown
AB663751,Unknown
AB663830,Unknown
AB663750,Unknown
AB663829,Unknown
AB663749,Unknown
AB663828,Unknown
AB663748,Unknown
AB663827,Unknown
AB663747,Unknown
AB663826,Unknown
AB663746,Unknown
AB663825,Unknown
AB663745,Unknown
AB663824,Unknown
AB663744,Unknown
AB663823,Unknown
AB663743,Unknown
AB663822,Unknown
MT013284,Unknown
MT013283,Unknown
MT013282,Unknown
MT013281,Unknown
MT013280,Unknown
MT013279,Unknown
MT013278,Unknown
MT013277,Unknown
MT013276,Unknown
MT013275,Unknown
KX901339,Unknown
KX901338,Unknown
KX901337,Unknown
KX901377,Unknown
KX901376,Unknown
KX901375,Unknown
KX901374,Unknown
KX901336,Unknown
KX901373,Unknown
KX901372,Unknown
KX901389,Unknown
KX901401,Unknown
KX901371,Unknown
KX901370,Unknown
KX901369,Unknown
KX901368,Unknown
KX901367,Unknown
KX901366,Unknown
KX901388,Unknown
KX901400,Unknown
KX901365,Unknown
KX901387,Unknown
KX901399,Unknown
KX901335,Unknown
KX901364,Unknown
KX901363,Unknown
KX901362,Unknown
KX901361,Unknown
KX901360,Unknown
KX901359,Unknown
KX901386,Unknown
KX901398,Unknown
KX901358,Unknown
KX901385,Unknown
KX901397,Unknown
KX901357,Unknown
KX901334,Unknown
KX901356,Unknown
KX901355,Unknown
KX901384,Unknown
KX901396,Unknown
KX901354,Unknown
KX901383,Unknown
KX901395,Unknown
KX901353,Unknown
KX901382,Unknown
KX901394,Unknown
KX901352,Unknown
KX901381,Unknown
KX901393,Unknown
KX901351,Unknown
KX901350,Unknown
KX901380,Unknown
KX901392,Unknown
KX901349,Unknown
KX901379,Unknown
KX901391,Unknown
KX901348,Unknown
KX901378,Unknown
KX901390,Unknown
KX901333,Unknown
KX901332,Unknown
KX901347,Unknown
KX901346,Unknown
KX901345,Unknown
KX901344,Unknown
KX901343,Unknown
KX901342,Unknown
KX901341,Unknown
KX901340,Unknown
KX901331,Unknown
OP971067,A
OP971062,A
OP971080,A
OP971046,A
OP971070,A
MK343214,Unknown
MK343332,Unknown
MK343209,Unknown
MK343327,Unknown
MK343171,Unknown
MK343289,Unknown
MK343215,Unknown
MK343333,Unknown
MK343172,Unknown
MK343290,Unknown
MK343221,Unknown
MK343339,Unknown
MK343159,Unknown
MK343277,Unknown
FJ644958,Unknown
FJ644989,Unknown
FJ645000,Unknown
FJ645032,Unknown
FJ644957,Unknown
FJ645031,Unknown
FJ644959,Unknown
FJ645029,Unknown
FJ645028,Unknown
FJ645027,Unknown
FJ644964,Unknown
FJ644998,Unknown
FJ644963,Unknown
FJ644996,Unknown
FJ644961,Unknown
FJ644995,Unknown
FJ644960,Unknown
FJ644994,Unknown
FJ645024,Unknown
FJ645026,Unknown
FJ644955,Unknown
FJ644993,Unknown
FJ644992,Unknown
FJ645025,Unknown
FJ644966,Unknown
FJ644962,Unknown
FJ644987,Unknown
FJ645061,Unknown
FJ645060,Unknown
FJ645059,Unknown
FJ644985,Unknown
FJ645009,Unknown
FJ645056,Unknown
FJ645058,Unknown
FJ645057,Unknown
FJ644969,Unknown
FJ645008,Unknown
FJ645054,Unknown
FJ644973,Unknown
FJ645007,Unknown
FJ645055,Unknown
FJ644971,Unknown
FJ645004,Unknown
FJ645053,Unknown
FJ645051,Unknown
FJ645052,Unknown
FJ644956,Unknown
FJ644991,Unknown
FJ645048,Unknown
FJ644980,Unknown
FJ645017,Unknown
FJ645050,Unknown
FJ645019,Unknown
FJ645049,Unknown
FJ645023,Unknown
FJ645046,Unknown
FJ644986,Unknown
FJ645018,Unknown
FJ645047,Unknown
FJ645045,Unknown
FJ644984,Unknown
FJ645016,Unknown
FJ644983,Unknown
FJ645015,Unknown
FJ645044,Unknown
FJ644982,Unknown
FJ645014,Unknown
FJ644981,Unknown
FJ645013,Unknown
FJ645042,Unknown
FJ644974,Unknown
FJ645012,Unknown
FJ644979,Unknown
FJ645011,Unknown
FJ645043,Unknown
FJ645010,Unknown
FJ644954,Unknown
FJ644990,Unknown
FJ645039,Unknown
FJ644978,Unknown
FJ645020,Unknown
FJ645041,Unknown
FJ645022,Unknown
FJ645040,Unknown
FJ644977,Unknown
FJ644988,Unknown
FJ645036,Unknown
FJ645038,Unknown
FJ644976,Unknown
FJ645021,Unknown
FJ645037,Unknown
FJ644975,Unknown
FJ645002,Unknown
FJ644965,Unknown
FJ644999,Unknown
FJ645033,Unknown
FJ645035,Unknown
FJ644972,Unknown
FJ645006,Unknown
FJ645034,Unknown
FJ645005,Unknown
FJ645030,Unknown
FJ644970,Unknown
FJ645003,Unknown
FJ644968,Unknown
FJ644997,Unknown
FJ644967,Unknown
FJ645001,Unknown
PQ215485,Unknown
KX400750,Unknown
KX400749,Unknown
KX400748,Unknown
KX400747,Unknown
KU588142,Unknown
KF447500,Unknown
KF447504,Unknown
KF447525,Unknown
KF447524,Unknown
KF447523,Unknown
KF447522,Unknown
KF447521,Unknown
KF447520,Unknown
KF447519,Unknown
KF447518,Unknown
KF447517,Unknown
KF447516,Unknown
KF447515,Unknown
KF447514,Unknown
KF447513,Unknown
KF447512,Unknown
KF447511,Unknown
KF447510,Unknown
KF447509,Unknown
KF447503,Unknown
KF447508,Unknown
KF447507,Unknown
KF447506,Unknown
KF447505,Unknown
KF447502,Unknown
KF447501,Unknown
MW438319,Unknown
KJ465995,Unknown
KC150026,Unknown
KC150025,Unknown
KC150024,Unknown
KC150023,Unknown
KC150022,Unknown
JX412122,Unknown
JX412160,Unknown
MT353690,Unknown
MT353702,Unknown
MT353697,Unknown
MT353711,Unknown
MT353699,Unknown
MT353712,Unknown
MT353696,Unknown
MT353706,Unknown
MT353695,Unknown
MT353709,Unknown
MT353693,Unknown
MT353705,Unknown
MT353701,Unknown
MT353704,Unknown
MT353692,Unknown
MT353707,Unknown
MT353700,Unknown
MT353713,Unknown
MT353694,Unknown
MT353710,Unknown
MT353691,Unknown
MT353703,Unknown
MT353698,Unknown
MT353708,Unknown
MK343173,Unknown
MK343291,Unknown
MK343174,Unknown
MK343292,Unknown
MK343201,Unknown
MK343319,Unknown
MK343238,Unknown
MK343356,Unknown
MK343175,Unknown
MK343293,Unknown
MK343160,Unknown
MK343278,Unknown
MK343241,Unknown
MK343359,Unknown
MK343211,Unknown
MK343329,Unknown
MK343231,Unknown
MK343349,Unknown
MK343161,Unknown
MK343279,Unknown
MK343243,Unknown
MK343361,Unknown
MK343162,Unknown
MK343280,Unknown
MK343176,Unknown
MK343294,Unknown
MK343223,Unknown
MK343341,Unknown
MK343224,Unknown
MK343342,Unknown
MK343177,Unknown
MK343295,Unknown
MK343178,Unknown
MK343296,Unknown
MK343218,Unknown
MK343336,Unknown
MK343232,Unknown
MK343350,Unknown
MK343213,Unknown
MK343331,Unknown
MK343202,Unknown
MK343320,Unknown
MK343179,Unknown
MK343297,Unknown
MK343233,Unknown
MK343351,Unknown
MK343240,Unknown
MK343358,Unknown
MK343180,Unknown
MK343298,Unknown
MK343181,Unknown
MK343299,Unknown
MK343220,Unknown
MK343338,Unknown
MK343182,Unknown
MK343300,Unknown
MK343228,Unknown
MK343346,Unknown
MK343230,Unknown
MK343348,Unknown
MK343225,Unknown
MK343343,Unknown
MK343199,Unknown
MK343317,Unknown
MK343183,Unknown
MK343301,Unknown
MK343184,Unknown
MK343302,Unknown
MK343210,Unknown
MK343328,Unknown
MK343185,Unknown
MK343303,Unknown
MK343234,Unknown
MK343352,Unknown
MK343206,Unknown
MK343324,Unknown
MK343226,Unknown
MK343344,Unknown
MK343227,Unknown
MK343345,Unknown
MK343219,Unknown
MK343337,Unknown
MK343203,Unknown
MK343321,Unknown
MK343163,Unknown
MK343281,Unknown
MK343207,Unknown
MK343325,Unknown
MK343164,Unknown
MK343282,Unknown
MK343165,Unknown
MK343283,Unknown
MK343222,Unknown
MK343340,Unknown
MK343229,Unknown
MK343347,Unknown
MK343186,Unknown
MK343304,Unknown
MK343187,Unknown
MK343305,Unknown
MK343188,Unknown
MK343306,Unknown
MK343244,Unknown
MK343362,Unknown
MK343189,Unknown
MK343307,Unknown
MK343235,Unknown
MK343353,Unknown
MK343216,Unknown
MK343334,Unknown
MK343204,Unknown
MK343322,Unknown
MK343166,Unknown
MK343284,Unknown
MK343200,Unknown
MK343318,Unknown
MK343190,Unknown
MK343308,Unknown
MK343191,Unknown
MK343309,Unknown
MK343167,Unknown
MK343285,Unknown
MK343242,Unknown
MK343360,Unknown
MK343192,Unknown
MK343310,Unknown
MK343193,Unknown
MK343311,Unknown
MK343212,Unknown
MK343330,Unknown
MK343194,Unknown
MK343312,Unknown
MK343195,Unknown
MK343313,Unknown
MK343168,Unknown
MK343286,Unknown
MK343237,Unknown
MK343355,Unknown
MK343169,Unknown
MK343287,Unknown
MK343196,Unknown
MK343314,Unknown
MK343239,Unknown
MK343357,Unknown
MK343170,Unknown
MK343288,Unknown
MW438320,Unknown
MK343217,Unknown
MK343335,Unknown
MK343157,Unknown
MK343275,Unknown
MK343197,Unknown
MK343315,Unknown
MK343236,Unknown
MK343354,Unknown
MK343198,Unknown
MK343316,Unknown
MK343208,Unknown
MK343326,Unknown
MK343205,Unknown
MK343323,Unknown
KU707717,Unknown
KU707716,Unknown
KU707715,Unknown
KU707714,Unknown
KU707713,Unknown
KU707712,Unknown
KU707711,Unknown
KU707710,Unknown
KU707709,Unknown
KU707708,Unknown
KU707707,Unknown
KU707706,Unknown
KU707705,Unknown
KU707704,Unknown
KU707703,Unknown
KU707702,Unknown
KU707701,Unknown
KU707700,Unknown
KU707699,Unknown
KU707698,Unknown
KU707697,Unknown
KU707696,Unknown
KU707695,Unknown
KU707694,Unknown
KU707693,Unknown
KU707692,Unknown
KU707691,Unknown
KU707690,Unknown
KU707689,Unknown
KU707688,Unknown
KU707687,Unknown
KU707686,Unknown
KU707685,Unknown
KU707684,Unknown
KU707683,Unknown
KU707682,Unknown
KU707681,Unknown
KU707680,Unknown
KU707679,Unknown
KU707678,Unknown
KU707677,Unknown
KU707676,Unknown
KU707675,Unknown
KU707674,Unknown
KU707673,Unknown
KU707672,Unknown
KU707671,Unknown
KU707670,Unknown
KU707669,Unknown
KU707668,Unknown
KU707667,Unknown
KU707666,Unknown
KU707665,Unknown
KU707664,Unknown
KU707663,Unknown
KU707662,Unknown
KU707661,Unknown
KU707660,Unknown
KU707659,Unknown
KU707658,Unknown
KU707657,Unknown
KU707656,Unknown
KU707655,Unknown
KU707654,Unknown
KU707653,Unknown
KU707652,Unknown
KU707651,Unknown
KU707650,Unknown
KU707649,Unknown
KU707648,Unknown
KU707647,Unknown
KU707646,Unknown
KU707645,Unknown
KU707644,Unknown
KU707643,Unknown
KU707642,Unknown
KU707641,Unknown
KU707640,Unknown
KU707639,Unknown
KU707638,Unknown
KU707637,Unknown
KU707636,Unknown
KU707635,Unknown
KU707634,Unknown
KU707633,Unknown
KU707632,Unknown
KU707631,Unknown
KU707630,Unknown
KU707629,Unknown
KU707628,Unknown
KU707627,Unknown
KU707626,Unknown
KU707625,Unknown
KU707624,Unknown
KU707623,Unknown
KU707622,Unknown
KU707621,Unknown
KU707620,Unknown
KU707619,Unknown
KU707618,Unknown
KU707617,Unknown
KU707616,Unknown
KU707615,Unknown
KU707614,Unknown
KU707613,Unknown
KU707612,Unknown
KU707611,Unknown
KU707610,Unknown
KU707609,Unknown
KU707608,Unknown
KU707607,Unknown
KU707606,Unknown
KU707605,Unknown
KU707604,Unknown
KU707603,Unknown
KU707602,Unknown
KU707601,Unknown
KU707600,Unknown
KU707599,Unknown
KU707598,Unknown
KU707597,Unknown
KU707596,Unknown
KU707595,Unknown
KU707594,Unknown
KU707593,Unknown
KU707592,Unknown
KU707591,Unknown
KU707590,Unknown
KU707589,Unknown
KU707588,Unknown
KU707587,Unknown
KU707586,Unknown
KU707585,Unknown
KU707584,Unknown
KU707583,Unknown
KU707582,Unknown
KU707581,Unknown
KU707580,Unknown
KU707579,Unknown
KU707578,Unknown
KU707577,Unknown
KU707576,Unknown
KU707575,Unknown
KU707574,Unknown
KU707573,Unknown
KU707572,Unknown
KU707571,Unknown
KU707570,Unknown
KU707569,Unknown
KU707568,Unknown
KU707567,Unknown
KU707566,Unknown
KU707565,Unknown
KU707564,Unknown
KU707563,Unknown
KU707562,Unknown
KU707553,Unknown
KU707561,Unknown
KU707560,Unknown
KU707559,Unknown
KU707558,Unknown
KU707557,Unknown
KU707556,Unknown
KU707555,Unknown
KU707554,Unknown
KU707552,Unknown
KU707551,Unknown
KU707550,Unknown
KU707549,Unknown
KU707548,Unknown
KU707547,Unknown
KU707546,Unknown
KU707545,Unknown
KU707544,Unknown
KU707543,Unknown
KU707542,Unknown
KU707541,Unknown
KU707540,Unknown
KU707539,Unknown
KU707538,Unknown
KU707537,Unknown
KU707536,Unknown
KU707535,Unknown
KU707534,Unknown
KU707533,Unknown
KU707532,Unknown
KU707531,Unknown
KU707530,Unknown
KU707529,Unknown
KU707528,Unknown
KU707527,Unknown
KU707526,Unknown
KU707525,Unknown
KU707524,Unknown
KU707523,Unknown
KU707522,Unknown
KU707521,Unknown
KU707520,Unknown
KU707519,Unknown
KU707518,Unknown
KU707517,Unknown
KU707516,Unknown
KU707515,Unknown
KU707514,Unknown
KU707513,Unknown
KU707512,Unknown
KU707511,Unknown
KU707510,Unknown
KU707509,Unknown
KU707508,Unknown
KU707507,Unknown
KU707506,Unknown
KU707505,Unknown
KU707504,Unknown
KU707503,Unknown
KU707502,Unknown
KU707501,Unknown
KU707500,Unknown
KU707499,Unknown
KU707498,Unknown
KU707497,Unknown
KU707496,Unknown
KU707495,Unknown
KU707494,Unknown
KU707493,Unknown
KU707492,Unknown
KU707491,Unknown
KU707490,Unknown
KU707489,Unknown
KU707488,Unknown
KU707487,Unknown
KU707486,Unknown
KU707485,Unknown
KU707484,Unknown
KU707483,Unknown
KU707482,Unknown
KU707481,Unknown
KU707480,Unknown
KU707479,Unknown
KU707478,Unknown
KU707477,Unknown
KJ755016,Unknown
KJ755015,Unknown
KJ755014,Unknown
KJ755013,Unknown
KJ755012,Unknown
KJ755051,Unknown
KJ755050,Unknown
KJ755049,Unknown
KJ755048,Unknown
KJ755047,Unknown
KJ755011,Unknown
KJ755046,Unknown
KJ755045,Unknown
KJ755044,Unknown
KJ755043,Unknown
KJ755042,Unknown
KJ755041,Unknown
KJ755040,Unknown
KJ755039,Unknown
KJ755038,Unknown
KJ755037,Unknown
KJ755010,Unknown
KJ755036,Unknown
KJ755035,Unknown
KJ755034,Unknown
KJ755033,Unknown
KJ755032,Unknown
KJ755031,Unknown
KJ755030,Unknown
KJ755029,Unknown
KJ755028,Unknown
KJ755027,Unknown
KJ755009,Unknown
KJ755026,Unknown
KJ755025,Unknown
KJ755024,Unknown
KJ755023,Unknown
KJ755022,Unknown
KJ755021,Unknown
KJ755020,Unknown
KJ755019,Unknown
KJ755018,Unknown
KJ755017,Unknown
KJ755008,Unknown
PQ529814,Unknown
PQ529813,Unknown
PQ529812,Unknown
PQ529811,Unknown
PQ529810,Unknown
PQ529809,Unknown
PQ529808,Unknown
PQ529807,Unknown
PQ529806,Unknown
PQ529793,Unknown
PQ529792,Unknown
PQ529791,Unknown
PQ529805,Unknown
PQ529804,Unknown
PQ529803,Unknown
PQ529802,Unknown
PQ529801,Unknown
PQ529800,Unknown
PQ529799,Unknown
PQ529798,Unknown
PQ529797,Unknown
PQ529796,Unknown
PQ529795,Unknown
PQ529794,Unknown
PQ529819,Unknown
PQ529818,Unknown
PQ529817,Unknown
PQ529816,Unknown
PQ529815,Unknown
LC888272,A
LC888271,A
LC888270,A
LC888269,A
LC888268,A
LC888267,A
LC888266,A
LC888265,A
LC888264,A
LC888263,A
LC786760,A
LC786759,A
LC786758,A
LC786757,A
LC786756,A
LC786755,A
LC786754,A
LC786753,A
KF447496,Unknown
KF447495,Unknown
KF447494,Unknown
KF447493,Unknown
KF447492,Unknown
KF447491,Unknown
KF447490,Unknown
KF447489,Unknown
KF447488,Unknown
KF447499,Unknown
KF447498,Unknown
KF447497,Unknown
PQ215496,Unknown
PP794955,Unknown
PP804117,Unknown
PP794929,Unknown
PP804091,Unknown
PP794928,Unknown
PP804090,Unknown
PP794927,Unknown
PP804089,Unknown
PP794926,Unknown
PP804088,Unknown
PP794937,Unknown
PP804099,Unknown
PP794935,Unknown
PP804097,Unknown
PP794925,Unknown
PP804087,Unknown
PP794924,Unknown
PP804086,Unknown
PP794923,Unknown
PP804085,Unknown
PP794922,Unknown
PP804084,Unknown
PP794931,Unknown
PP804093,Unknown
PP794921,Unknown
PP804083,Unknown
PP794910,Unknown
PP804072,Unknown
PP794954,Unknown
PP804116,Unknown
PP794920,Unknown
PP804082,Unknown
PP794934,Unknown
PP804096,Unknown
PP794953,Unknown
PP804115,Unknown
PP794952,Unknown
PP804114,Unknown
PP794919,Unknown
PP804081,Unknown
PP794930,Unknown
PP804092,Unknown
PP794933,Unknown
PP804095,Unknown
PP794951,Unknown
PP804113,Unknown
PP794936,Unknown
PP804098,Unknown
PP794950,Unknown
PP804112,Unknown
PP794918,Unknown
PP804080,Unknown
PP794917,Unknown
PP804079,Unknown
PP794938,Unknown
PP804100,Unknown
PP794932,Unknown
PP804094,Unknown
PP794949,Unknown
PP804111,Unknown
PP794916,Unknown
PP804078,Unknown
PP794940,Unknown
PP804102,Unknown
PP794947,Unknown
PP804109,Unknown
PP794939,Unknown
PP804101,Unknown
PP794946,Unknown
PP804108,Unknown
PP794945,Unknown
PP804107,Unknown
PP794944,Unknown
PP804106,Unknown
PP794915,Unknown
PP804077,Unknown
PP794914,Unknown
PP804076,Unknown
PP794909,Unknown
PP804071,Unknown
PP794943,Unknown
PP804105,Unknown
PP794913,Unknown
PP804075,Unknown
PP794942,Unknown
PP804104,Unknown
PP794941,Unknown
PP804103,Unknown
PP794912,Unknown
PP804074,Unknown
PP794911,Unknown
PP804073,Unknown
PP794948,Unknown
PP804110,Unknown
PP794908,Unknown
PP804070,Unknown
MW446792,Unknown
MW446791,Unknown
MW446790,Unknown
MW446789,Unknown
MW446788,Unknown
MW446807,Unknown
MW446806,Unknown
MW446805,Unknown
MW446804,Unknown
MW446803,Unknown
MW446802,Unknown
MW546495,Unknown
MW546494,Unknown
MW546493,Unknown
MW546492,Unknown
MW546491,Unknown
MW546490,Unknown
MW546489,Unknown
MW546488,Unknown
MW546487,Unknown
MW546486,Unknown
MW546485,Unknown
MW546484,Unknown
MW546483,Unknown
MW546482,Unknown
MW546481,Unknown
MW546480,Unknown
MW546479,Unknown
MW546478,Unknown
MW546477,Unknown
MW546476,Unknown
MW546475,Unknown
MW546474,Unknown
MW546473,Unknown
MW546472,Unknown
MW446801,Unknown
MW446800,Unknown
MW446799,Unknown
MW446798,Unknown
MW446797,Unknown
MW446796,Unknown
MW446795,Unknown
MW446794,Unknown
MW446793,Unknown
OQ730076,Unknown
OQ730054,Unknown
OQ730075,Unknown
OQ730074,Unknown
OQ730073,Unknown
OQ730060,Unknown
OQ730078,Unknown
JX412123,Unknown
JX412161,Unknown
PQ215505,Unknown
OQ730053,Unknown
OQ730062,Unknown
PQ215512,Unknown
OQ730052,Unknown
OQ730059,Unknown
OQ730077,Unknown
OQ730051,Unknown
OQ730072,Unknown
OQ730058,Unknown
OQ730071,Unknown
PQ215506,Unknown
JX412146,Unknown
JX412184,Unknown
PQ215501,Unknown
PV809653,Unknown
PP972033,Unknown
PP972035,Unknown
PP972038,Unknown
PP972034,Unknown
PP972037,Unknown
PP972036,Unknown
PQ074087,Unknown
PQ074086,Unknown
PQ074085,Unknown
PQ074084,Unknown
JQ902110,Unknown
PQ074083,Unknown
KY883659,Unknown
PQ215492,Unknown
JN847807,Unknown
JN847779,Unknown
JN847806,Unknown
JN847778,Unknown
JN847805,Unknown
JN847777,Unknown
JN847804,Unknown
JN847776,Unknown
JN847803,Unknown
JN847775,Unknown
JN847802,Unknown
JN847774,Unknown
JN847801,Unknown
JN847773,Unknown
JN847772,Unknown
JN847800,Unknown
JN847771,Unknown
JN847799,Unknown
JN847770,Unknown
JN847798,Unknown
JN847797,Unknown
JN847769,Unknown
JN847796,Unknown
JN847768,Unknown
JN847795,Unknown
JN847767,Unknown
JN847794,Unknown
JN847766,Unknown
JN847793,Unknown
JN847765,Unknown
JN847792,Unknown
JN847764,Unknown
JN847791,Unknown
JN847763,Unknown
JN847790,Unknown
JN847745,Unknown
JN847762,Unknown
JN847789,Unknown
JN847761,Unknown
JN847788,Unknown
JN847780,Unknown
JN847760,Unknown
JN847787,Unknown
JN847759,Unknown
JN847786,Unknown
JN847758,Unknown
JN847785,Unknown
JN847740,Unknown
JN847739,Unknown
JN847738,Unknown
JN847737,Unknown
JN847736,Unknown
JN847735,Unknown
JN847753,Unknown
JN847734,Unknown
JN847733,Unknown
JN847732,Unknown
JN847731,Unknown
JN847730,Unknown
JN847729,Unknown
JN847728,Unknown
JN847727,Unknown
JN847726,Unknown
JN847725,Unknown
JN847724,Unknown
JN847741,Unknown
JN847752,Unknown
JN847757,Unknown
JN847784,Unknown
JN847751,Unknown
JN847750,Unknown
JN847749,Unknown
JN847756,Unknown
JN847783,Unknown
JN847755,Unknown
JN847782,Unknown
JN847748,Unknown
JN847781,Unknown
JN847746,Unknown
JN847747,Unknown
JN847754,Unknown
JN847742,Unknown
JN847743,Unknown
JN847744,Unknown
JX412138,Unknown
JX412176,Unknown
PV455520,Unknown
PV455518,Unknown
PV455516,Unknown
PV455515,Unknown
PV455543,Unknown
PV455514,Unknown
PV455540,Unknown
PV455537,Unknown
PV455536,Unknown
PV455534,Unknown
PV455531,Unknown
PV455528,Unknown
PV455521,Unknown
KU212390,Unknown
JX073135,Unknown
KF880690,A
MG710537,Unknown
MG710538,Unknown
OQ730063,Unknown
KM501548,Unknown
PV107410,Unknown
JX412144,Unknown
JX412182,Unknown
JX412120,Unknown
JX412158,Unknown
PX756780,Unknown
AB663740,Unknown
AB663819,Unknown
AB663739,Unknown
AB663818,Unknown
AB663738,Unknown
AB663817,Unknown
AB663737,Unknown
AB663816,Unknown
AB663734,Unknown
AB663813,Unknown
AB663736,Unknown
AB663815,Unknown
AB663735,Unknown
AB663814,Unknown
AB663742,Unknown
AB663821,Unknown
AB663741,Unknown
AB663820,Unknown
AB663733,Unknown
AB663812,Unknown
OR044529,Unknown
OR044528,Unknown
OR044527,Unknown
OR044526,Unknown
MT955329,Unknown
MH884521,Unknown
OR044525,Unknown
OR044524,Unknown
OR044523,Unknown
OR044522,Unknown
OR044521,Unknown
OR044520,Unknown
OR044519,Unknown
OR044518,Unknown
OR044517,Unknown
OR044470,Unknown
OR044516,Unknown
OR044469,Unknown
OR044515,Unknown
OR044468,Unknown
OR044514,Unknown
OR044513,Unknown
OR044467,Unknown
OR044512,Unknown
OR044511,Unknown
OR044466,Unknown
OR044510,Unknown
OR044465,Unknown
OR044509,Unknown
OR044464,Unknown
OR044508,Unknown
OR044463,Unknown
OR044507,Unknown
OR044462,Unknown
OR044506,Unknown
OR044461,Unknown
OR044505,Unknown
OR044460,Unknown
OR044504,Unknown
OR044459,Unknown
OR044503,Unknown
OR044502,Unknown
OR044458,Unknown
OR044501,Unknown
OR044457,Unknown
PP717891,Unknown
OR044500,Unknown
OR044456,Unknown
OR044499,Unknown
OR044455,Unknown
AB663724,Unknown
AB663803,Unknown
AB663723,Unknown
AB663802,Unknown
AB663722,Unknown
AB663801,Unknown
AB663721,Unknown
AB663800,Unknown
AB663720,Unknown
AB663799,Unknown
AB663719,Unknown
AB663798,Unknown
AB663732,Unknown
AB663811,Unknown
AB663731,Unknown
AB663810,Unknown
AB663730,Unknown
AB663809,Unknown
AB663729,Unknown
AB663808,Unknown
AB663728,Unknown
AB663807,Unknown
AB663727,Unknown
AB663806,Unknown
AB663726,Unknown
AB663805,Unknown
AB663725,Unknown
AB663804,Unknown
OR044498,Unknown
OR044454,Unknown
OR044497,Unknown
OR044453,Unknown
OR044496,Unknown
OR044452,Unknown
OR044495,Unknown
OR044494,Unknown
OR044493,Unknown
OR044451,Unknown
OR044492,Unknown
OR044450,Unknown
OR044485,Unknown
OR044484,Unknown
OR044483,Unknown
OR044482,Unknown
OR044481,Unknown
OR044491,Unknown
OR044480,Unknown
OR044479,Unknown
OR044478,Unknown
OR044477,Unknown
OR044476,Unknown
OR044490,Unknown
OR044489,Unknown
OR044475,Unknown
OR044474,Unknown
OR044473,Unknown
OR044472,Unknown
OR044471,Unknown
OR044488,Unknown
OR044487,Unknown
OR044449,Unknown
OR044486,Unknown
OR044448,Unknown
OR122961,Unknown
OR122962,Unknown
OR122960,Unknown
OR122958,Unknown
OR122963,Unknown
OR122957,Unknown
OR122956,Unknown
OR122959,Unknown
OR122955,Unknown
LC857151,Unknown
LC857150,Unknown
LC857149,Unknown
LC857148,Unknown
LC857157,Unknown
LC857159,Unknown
LC857158,Unknown
LC857156,Unknown
PV809647,Unknown
OR122967,Unknown
OR122966,Unknown
OR122965,Unknown
OR122964,Unknown
OR122970,Unknown
OR122969,Unknown
OR122968,Unknown
MZ484665,Unknown
MZ484666,Unknown
MZ484664,Unknown
MZ484668,Unknown
MZ484663,Unknown
MZ484667,Unknown
KJ755007,Unknown
KJ755006,Unknown
KJ755005,Unknown
KJ755004,Unknown
KJ755003,Unknown
KJ755002,Unknown
GU951527,Unknown
GU951528,Unknown
GU951526,Unknown
PV809660,Unknown
PV809657,Unknown
PQ178131,Unknown
PQ178109,Unknown
PQ178142,Unknown
PQ178141,Unknown
PQ178104,Unknown
PQ178110,Unknown
PQ178151,Unknown
PQ178140,Unknown
PQ178155,Unknown
PQ178136,Unknown
PQ178121,Unknown
PQ178119,Unknown
PQ178113,Unknown
PQ178107,Unknown
PQ178100,Unknown
PQ178150,Unknown
PQ178135,Unknown
PQ178102,Unknown
PQ178106,Unknown
PQ178118,Unknown
PQ178127,Unknown
PQ178153,Unknown
PQ178111,Unknown
PQ178152,Unknown
PQ178130,Unknown
PQ178112,Unknown
PQ178129,Unknown
PQ178108,Unknown
PQ178124,Unknown
PQ178105,Unknown
PQ178145,Unknown
PQ178128,Unknown
PQ178123,Unknown
PQ178139,Unknown
PQ178149,Unknown
PQ178122,Unknown
PQ178133,Unknown
PQ178126,Unknown
PQ178120,Unknown
PQ178098,Unknown
PQ178114,Unknown
PQ868537,Unknown
PQ215500,Unknown
KX545365,Unknown
KX545363,Unknown
KX545362,Unknown
KX545360,Unknown
PV278771,Unknown
PV278772,Unknown
PV278777,Unknown
PV278773,Unknown
PV278776,Unknown
PV278775,Unknown
PV278774,Unknown
MN061917,Unknown
MN061916,Unknown
MN061915,Unknown
MN061914,Unknown
MN061913,Unknown
MN061912,Unknown
MN061911,Unknown
MN061910,Unknown
MN061909,Unknown
MN061908,Unknown
MN061907,Unknown
MN061906,Unknown
MN061905,Unknown
MN061904,Unknown
MN061903,Unknown
MN061902,Unknown
MN061901,Unknown
MN061900,Unknown
MN061899,Unknown
MN061898,Unknown
MN061897,Unknown
MN061896,Unknown
MN061895,Unknown
MN061894,Unknown
MN061893,Unknown
MN061892,Unknown
MN061891,Unknown
MN061890,Unknown
MN053388,Unknown
MN053387,Unknown
MN053386,Unknown
MN053385,Unknown
MN053384,Unknown
MN053383,Unknown
MN053382,Unknown
MN053381,Unknown
MN053380,Unknown
MN053379,Unknown
MN053378,Unknown
MN053377,Unknown
MN053376,Unknown
MN053375,Unknown
MN053374,Unknown
MN053373,Unknown
MN053372,Unknown
MN053371,Unknown
MN053370,Unknown
MN053369,Unknown
MN053368,Unknown
MN053367,Unknown
MN053366,Unknown
MN053365,Unknown
MN053364,Unknown
MN053363,Unknown
MN053362,Unknown
MN053361,Unknown
MN053360,Unknown
MN053359,Unknown
MN053358,Unknown
MN053357,Unknown
MN053356,Unknown
MN053355,Unknown
MN053354,Unknown
MN053353,Unknown
MN053352,Unknown
MN053351,Unknown
MN053350,Unknown
MN053349,Unknown
MN053348,Unknown
MN053347,Unknown
MN053346,Unknown
MN053345,Unknown
MN053344,Unknown
MN053343,Unknown
MN053342,Unknown
MN053341,Unknown
MN053340,Unknown
MN053339,Unknown
HM475306,Unknown
GU296030,Unknown
KC904928,Unknown
KC904927,Unknown
KC904926,Unknown
KC904925,Unknown
KC904924,Unknown
KC904923,Unknown
KC904935,Unknown
KC904934,Unknown
KC904933,Unknown
KC904932,Unknown
KC904931,Unknown
KC904930,Unknown
KC904929,Unknown
KC904922,Unknown
KC904921,Unknown
KC904920,Unknown
KC904919,Unknown
KC904918,Unknown
KC904917,Unknown
KC904916,Unknown
KC904915,Unknown
KC904914,Unknown
KC904913,Unknown
KC904912,Unknown
KC904911,Unknown
MF066789,Unknown
MF066813,Unknown
MF066812,Unknown
MF066788,Unknown
MF066811,Unknown
MF066810,Unknown
MF066809,Unknown
MF066787,Unknown
MF066808,Unknown
MF066807,Unknown
MF066806,Unknown
MF066786,Unknown
MF066805,Unknown
MF066804,Unknown
MF066803,Unknown
MF066802,Unknown
LC155245,Unknown
MF066801,Unknown
MF066800,Unknown
MF066785,Unknown
MF066799,Unknown
MF066798,Unknown
MF066797,Unknown
MF066796,Unknown
MF066795,Unknown
MF066794,Unknown
MF066793,Unknown
MF066792,Unknown
MF066791,Unknown
MF066790,Unknown
KJ754976,Unknown
KJ754975,Unknown
KJ754974,Unknown
KJ754973,Unknown
KJ754972,Unknown
KJ754971,Unknown
KJ755001,Unknown
KJ755000,Unknown
KJ754999,Unknown
KJ754998,Unknown
KJ754997,Unknown
KJ754970,Unknown
KJ754996,Unknown
KJ754995,Unknown
KJ754994,Unknown
KJ754993,Unknown
KJ754992,Unknown
KJ754991,Unknown
KJ754990,Unknown
KJ754989,Unknown
KJ754988,Unknown
KJ754987,Unknown
KJ754969,Unknown
KJ754986,Unknown
KJ754985,Unknown
KJ754984,Unknown
KJ754983,Unknown
KJ754982,Unknown
KJ754981,Unknown
KJ754980,Unknown
KJ754979,Unknown
KJ754978,Unknown
KJ754977,Unknown
KJ754968,Unknown
PV654142,Unknown
HQ438006,Unknown
HQ438005,Unknown
HQ438004,Unknown
HQ438003,Unknown
HQ438002,Unknown
HQ438001,Unknown
HQ438000,Unknown
HQ437999,Unknown
HQ437998,Unknown
HQ437997,Unknown
PQ178115,Unknown
PQ178144,Unknown
PQ178148,Unknown
PQ178103,Unknown
PQ178143,Unknown
PQ178138,Unknown
OQ730039,Unknown
OQ730070,Unknown
PQ215495,Unknown
KX446978,Unknown
KX446977,Unknown
EU650474,Unknown
EU650452,Unknown
EU650438,Unknown
EU650473,Unknown
EU650451,Unknown
EU650437,Unknown
EU650472,Unknown
EU650450,Unknown
EU650436,Unknown
EU650471,Unknown
EU650449,Unknown
EU650435,Unknown
EU650470,Unknown
EU650448,Unknown
EU650434,Unknown
EU650469,Unknown
EU650447,Unknown
EU650443,Unknown
EU650433,Unknown
EU650468,Unknown
EU650446,Unknown
EU650442,Unknown
EU650432,Unknown
EU650465,Unknown
EU650464,Unknown
EU650463,Unknown
EU650485,Unknown
EU650467,Unknown
EU650445,Unknown
EU650441,Unknown
EU650431,Unknown
EU650429,Unknown
EU650462,Unknown
EU650483,Unknown
EU650461,Unknown
EU650482,Unknown
EU650460,Unknown
EU650481,Unknown
EU650459,Unknown
EU650480,Unknown
EU650458,Unknown
EU650479,Unknown
EU650457,Unknown
EU650478,Unknown
EU650456,Unknown
EU650477,Unknown
EU650455,Unknown
EU650476,Unknown
EU650454,Unknown
EU650475,Unknown
EU650453,Unknown
EU650484,Unknown
EU650466,Unknown
EU650444,Unknown
EU650440,Unknown
EU650439,Unknown
EU650430,Unknown
EU650428,Unknown
KM501547,Unknown
KM501546,Unknown
KJ465994,Unknown
PV353981,A
EU918764,A
PQ215487,Unknown
PQ215509,Unknown
PQ215498,Unknown
PQ215502,Unknown
JX412129,Unknown
JX412167,Unknown
PQ215513,Unknown
PQ118659,Unknown
PQ118658,Unknown
PQ118657,Unknown
PQ118656,Unknown
PQ118655,Unknown
PQ096040,Unknown
PQ096039,Unknown
PQ096038,Unknown
PQ096037,Unknown
PQ096036,Unknown
MG734697,Unknown
PV809648,Unknown
JX313701,Unknown
JX313732,Unknown
JX412149,Unknown
JX412187,Unknown
JX313700,Unknown
JX313731,Unknown
JX412145,Unknown
JX412183,Unknown
JX313699,Unknown
JX313730,Unknown
JX313698,Unknown
JX313729,Unknown
JX313697,Unknown
JX313728,Unknown
JX313696,Unknown
JX313727,Unknown
JX313723,Unknown
JX313722,Unknown
JX313695,Unknown
JX313726,Unknown
JX313721,Unknown
JX313720,Unknown
JX313751,Unknown
JX313719,Unknown
JX313750,Unknown
JX313718,Unknown
JX313749,Unknown
JX313717,Unknown
JX313748,Unknown
JX313716,Unknown
JX313747,Unknown
JX313715,Unknown
JX313746,Unknown
JX313714,Unknown
JX313745,Unknown
JX313713,Unknown
JX313744,Unknown
JX313703,Unknown
JX313734,Unknown
JX313702,Unknown
JX313733,Unknown
JX313712,Unknown
JX313743,Unknown
JX313694,Unknown
JX313725,Unknown
PV809658,Unknown
JX313711,Unknown
JX313742,Unknown
JX313710,Unknown
JX313741,Unknown
JX412118,Unknown
JX412156,Unknown
JX313709,Unknown
JX313740,Unknown
JX313708,Unknown
JX313739,Unknown
JX412116,Unknown
JX412154,Unknown
JX313707,Unknown
JX313738,Unknown
JX313706,Unknown
JX313737,Unknown
JX313705,Unknown
JX313736,Unknown
JX313704,Unknown
JX313735,Unknown
JX313693,Unknown
JX313724,Unknown
PX242219,Unknown
PX242215,Unknown
PX242214,Unknown
PX242217,Unknown
PX242212,Unknown
PX242218,Unknown
PX242220,Unknown
PX242216,Unknown
PX242213,Unknown
PQ862836,Unknown
PV809650,Unknown
MW715793,Unknown
MW715794,Unknown
MW715795,Unknown
MW715790,Unknown
MW715791,Unknown
MW715792,Unknown
LC718898,A
LC718897,A
LC718896,A
LC718895,A
MW430126,Unknown
KX947273,D
KX947271,D
KX947275,A
KX947277,A
KX947280,A
KX947282,A
KX947279,A
KX947281,A
KX947283,A
KX947278,A
KX947276,A
KX947274,D
PQ215488,Unknown
PV809661,Unknown
PV809651,Unknown
PQ215514,Unknown
PV809659,Unknown
PQ215507,Unknown
PV809662,Unknown
PQ215484,Unknown
AB663718,Unknown
AB663797,Unknown
AB663717,Unknown
AB663796,Unknown
AB663716,Unknown
AB663795,Unknown
AB663715,Unknown
AB663794,Unknown
AB663714,Unknown
AB663793,Unknown
AB663713,Unknown
AB663792,Unknown
AB663712,Unknown
AB663791,Unknown
AB663711,Unknown
AB663790,Unknown
AB663710,Unknown
AB663789,Unknown
AB663709,Unknown
AB663788,Unknown
AB663708,Unknown
AB663787,Unknown
AB663707,Unknown
AB663786,Unknown
AB663706,Unknown
AB663785,Unknown
AB663705,Unknown
AB663784,Unknown
AB663704,Unknown
AB663783,Unknown
AB663703,Unknown
AB663782,Unknown
AB663702,Unknown
AB663781,Unknown
AB663701,Unknown
AB663780,Unknown
AB663700,Unknown
AB663779,Unknown
AB663699,Unknown
AB663778,Unknown
AB663698,Unknown
AB663777,Unknown
AB663697,Unknown
AB663776,Unknown
AB663696,Unknown
AB663775,Unknown
AB663695,Unknown
AB663774,Unknown
AB663694,Unknown
AB663773,Unknown
AB663693,Unknown
AB663772,Unknown
AB663692,Unknown
AB663771,Unknown
AB663691,Unknown
AB663770,Unknown
AB663690,Unknown
AB663769,Unknown
AB663689,Unknown
AB663768,Unknown
AB663688,Unknown
AB663767,Unknown
AB663846,Unknown
AB663955,Unknown
HE805663,Unknown
HE805645,Unknown
GU344766,Unknown
GU344765,Unknown
GU344764,Unknown
GU344761,Unknown
GU344759,Unknown
GU344757,Unknown
GU344755,Unknown
GU344771,Unknown
GU344769,Unknown
GU344767,Unknown
PV805201,Unknown
PX461756,A
PV805196,Unknown
PV805188,Unknown
PV805193,Unknown
PV805192,Unknown
PV805180,Unknown
PX461755,A
PV805191,Unknown
PV805200,Unknown
PV805204,Unknown
PV805199,Unknown
PV805179,Unknown
PX461754,A
PX461753,A
PX461761,A
PX461760,A
PX461759,A
PV805189,Unknown
PV805207,Unknown
PV805206,Unknown
PV805205,Unknown
PX461758,A
PV805198,Unknown
PV805187,Unknown
PV805178,Unknown
PX461752,A
PV805185,Unknown
PV805184,Unknown
PV805190,Unknown
PV805183,Unknown
PV805177,Unknown
PX461757,A
PV805195,Unknown
PV805194,Unknown
PV805203,Unknown
PV805182,Unknown
PV805181,Unknown
PV805202,Unknown
PV805197,Unknown
PV805186,Unknown
PV805176,Unknown
PQ215491,Unknown
OK631601,Unknown
OK631600,Unknown
OK631599,Unknown
OK631598,Unknown
OK631597,Unknown
OK631596,Unknown
OK631595,Unknown
OK631617,Unknown
OK631616,Unknown
OK631615,Unknown
OK631614,Unknown
OK631613,Unknown
OK631612,Unknown
OK631594,Unknown
OK631611,Unknown
OK631610,Unknown
OK631609,Unknown
OK631608,Unknown
OK631607,Unknown
OK631606,Unknown
OK631605,Unknown
OK631604,Unknown
OK631603,Unknown
OK631602,Unknown
OK631593,Unknown
OK631576,Unknown
OK631575,Unknown
OK631574,Unknown
OK631573,Unknown
OK631572,Unknown
OK631571,Unknown
OK631570,Unknown
OK631592,Unknown
OK631591,Unknown
OK631590,Unknown
OK631589,Unknown
OK631588,Unknown
OK631587,Unknown
OK631569,Unknown
OK631586,Unknown
OK631585,Unknown
OK631584,Unknown
OK631583,Unknown
OK631582,Unknown
OK631581,Unknown
OK631580,Unknown
OK631579,Unknown
OK631578,Unknown
OK631577,Unknown
OK631568,Unknown
OK631551,Unknown
OK631550,Unknown
OK631549,Unknown
OK631548,Unknown
OK631547,Unknown
OK631546,Unknown
OK631545,Unknown
OK631567,Unknown
OK631566,Unknown
OK631565,Unknown
OK631564,Unknown
OK631563,Unknown
OK631562,Unknown
OK631544,Unknown
OK631561,Unknown
OK631560,Unknown
OK631559,Unknown
OK631558,Unknown
OK631557,Unknown
OK631556,Unknown
OK631555,Unknown
OK631554,Unknown
OK631553,Unknown
OK631552,Unknown
OK631543,Unknown
OQ819313,Unknown
OQ819312,Unknown
MH253535,Unknown
MH253534,Unknown
MH253533,Unknown
MH253532,Unknown
MH253531,Unknown
MH253530,Unknown
MH253529,Unknown
MH253528,Unknown
MH253527,Unknown
MH253526,Unknown
OR667446,Unknown
OR667445,Unknown
OR667444,Unknown
OR667404,Unknown
KM058583,Unknown
KM058614,Unknown
KM058645,Unknown
KM058676,Unknown
OR667443,Unknown
OR667398,Unknown
OR667442,Unknown
OR667441,Unknown
OR667440,Unknown
OR667397,Unknown
OR667403,Unknown
KM058582,Unknown
KM058613,Unknown
KM058644,Unknown
KM058675,Unknown
OR667439,Unknown
OR667438,Unknown
OR667437,Unknown
OR667436,Unknown
OR667435,Unknown
KM058581,Unknown
KM058612,Unknown
KM058643,Unknown
KM058674,Unknown
OR667434,Unknown
OR667433,Unknown
OR667432,Unknown
OR667431,Unknown
OR667430,Unknown
OR667429,Unknown
OR667428,Unknown
OR667402,Unknown
KM058580,Unknown
KM058611,Unknown
KM058642,Unknown
KM058673,Unknown
OR667427,Unknown
KP160960,Unknown
KP160987,Unknown
KP161014,Unknown
KP161041,Unknown
OR667426,Unknown
KP160959,Unknown
KP160986,Unknown
KP161013,Unknown
KP161040,Unknown
KP160958,Unknown
KP160985,Unknown
KP161012,Unknown
KP161039,Unknown
KP160957,Unknown
KP160984,Unknown
KP161011,Unknown
KP161038,Unknown
KP160956,Unknown
KP160983,Unknown
KP161010,Unknown
KP161037,Unknown
OR667425,Unknown
KP160955,Unknown
KP160982,Unknown
KP161009,Unknown
KP161036,Unknown
OR667424,Unknown
KP160954,Unknown
KP160981,Unknown
KP161008,Unknown
KP161035,Unknown
OR667423,Unknown
KP160953,Unknown
KP160980,Unknown
KP161007,Unknown
KP161034,Unknown
KP160952,Unknown
KP160979,Unknown
KP161006,Unknown
KP161033,Unknown
KP160951,Unknown
KP160978,Unknown
KP161005,Unknown
KP161032,Unknown
KM058579,Unknown
KM058610,Unknown
KM058641,Unknown
KM058672,Unknown
KP160950,Unknown
KP160977,Unknown
KP161004,Unknown
KP161031,Unknown
OR667422,Unknown
KP160949,Unknown
KP160976,Unknown
KP161003,Unknown
KP161030,Unknown
OR667421,Unknown
KP160948,Unknown
KP160975,Unknown
KP161002,Unknown
KP161029,Unknown
OR667420,Unknown
KP160947,Unknown
KP160974,Unknown
KP161001,Unknown
KP161028,Unknown
OR667419,Unknown
KP160946,Unknown
KP160973,Unknown
KP161000,Unknown
KP161027,Unknown
KP160945,Unknown
KP160972,Unknown
KP160999,Unknown
KP161026,Unknown
KP160944,Unknown
KP160971,Unknown
KP160998,Unknown
KP161025,Unknown
OR667418,Unknown
KP160943,Unknown
KP160970,Unknown
KP160997,Unknown
KP161024,Unknown
OR667417,Unknown
KP160942,Unknown
KP160969,Unknown
KP160996,Unknown
KP161023,Unknown
OR667416,Unknown
KP160941,Unknown
KP160968,Unknown
KP160995,Unknown
KP161022,Unknown
OR667401,Unknown
KM058578,Unknown
KM058609,Unknown
KM058640,Unknown
KM058671,Unknown
OR667415,Unknown
KP160940,Unknown
KP160967,Unknown
KP160994,Unknown
KP161021,Unknown
KP160939,Unknown
KP160966,Unknown
KP160993,Unknown
KP161020,Unknown
KP160938,Unknown
KP160965,Unknown
KP160992,Unknown
KP161019,Unknown
OR667414,Unknown
KP160937,Unknown
KP160964,Unknown
KP160991,Unknown
KP161018,Unknown
OR667413,Unknown
KP160936,Unknown
KP160963,Unknown
KP160990,Unknown
KP161017,Unknown
OR667412,Unknown
KP160935,Unknown
KP160962,Unknown
KP160989,Unknown
KP161016,Unknown
OR667411,Unknown
KP160934,Unknown
KP160961,Unknown
KP160988,Unknown
KP161015,Unknown
KM058604,Unknown
KM058635,Unknown
KM058666,Unknown
KM058697,Unknown
OR667410,Unknown
KM058603,Unknown
KM058634,Unknown
KM058665,Unknown
KM058696,Unknown
KM058602,Unknown
KM058633,Unknown
KM058664,Unknown
KM058695,Unknown
KM058577,Unknown
KM058608,Unknown
KM058639,Unknown
KM058670,Unknown
KM058601,Unknown
KM058632,Unknown
KM058663,Unknown
KM058694,Unknown
OR667409,Unknown
KM058600,Unknown
KM058631,Unknown
KM058662,Unknown
KM058693,Unknown
OR667408,Unknown
KM058599,Unknown
KM058630,Unknown
KM058661,Unknown
KM058692,Unknown
OR667407,Unknown
KM058598,Unknown
KM058629,Unknown
KM058660,Unknown
KM058691,Unknown
KM058597,Unknown
KM058628,Unknown
KM058659,Unknown
KM058690,Unknown
KM058596,Unknown
KM058627,Unknown
KM058658,Unknown
KM058689,Unknown
KM058595,Unknown
KM058626,Unknown
KM058657,Unknown
KM058688,Unknown
OR667396,Unknown
KM058594,Unknown
KM058625,Unknown
KM058656,Unknown
KM058687,Unknown
KM058593,Unknown
KM058624,Unknown
KM058655,Unknown
KM058686,Unknown
OR667400,Unknown
KM058576,Unknown
KM058607,Unknown
KM058638,Unknown
KM058669,Unknown
KM058592,Unknown
KM058623,Unknown
KM058654,Unknown
KM058685,Unknown
KM058591,Unknown
KM058622,Unknown
KM058653,Unknown
KM058684,Unknown
OR667395,Unknown
KM058590,Unknown
KM058621,Unknown
KM058652,Unknown
KM058683,Unknown
OR667406,Unknown
KM058589,Unknown
KM058620,Unknown
KM058651,Unknown
KM058682,Unknown
KM058588,Unknown
KM058619,Unknown
KM058650,Unknown
KM058681,Unknown
OR667465,Unknown
OR667464,Unknown
OR667463,Unknown
OR667462,Unknown
OR667461,Unknown
OR667460,Unknown
KM058587,Unknown
KM058618,Unknown
KM058649,Unknown
KM058680,Unknown
OR667459,Unknown
OR667458,Unknown
OR667457,Unknown
OR667456,Unknown
OR667455,Unknown
OR667454,Unknown
OR667453,Unknown
OR667452,Unknown
OR667393,Unknown
KM058586,Unknown
KM058617,Unknown
KM058648,Unknown
KM058679,Unknown
OR667451,Unknown
OR667405,Unknown
KM058585,Unknown
KM058616,Unknown
KM058647,Unknown
KM058678,Unknown
OR667450,Unknown
OR667449,Unknown
OR667448,Unknown
OR667447,Unknown
OR667394,Unknown
KM058584,Unknown
KM058615,Unknown
KM058646,Unknown
KM058677,Unknown
OR667399,Unknown
KM058575,Unknown
KM058606,Unknown
KM058637,Unknown
KM058668,Unknown
KM058574,Unknown
KM058605,Unknown
KM058636,Unknown
KM058667,Unknown
MK388170,Unknown
MK388169,Unknown
MK388168,Unknown
MK388167,Unknown
KU684311,A
KU684313,A
KU684317,A
KU684316,A
KU684314,A
KU641509,D
KU684312,A
KU684315,A
MN705343,Unknown
MN705342,Unknown
MN705341,Unknown
MN705340,Unknown
MN705339,Unknown
MN705374,Unknown
MN705338,Unknown
MN705373,Unknown
MN705372,Unknown
MN705371,Unknown
MN705370,Unknown
MN705369,Unknown
MN705368,Unknown
MN705367,Unknown
MN705366,Unknown
MN705365,Unknown
MN705364,Unknown
MN705337,Unknown
MN705363,Unknown
MN705362,Unknown
MN705361,Unknown
MN705360,Unknown
MN705359,Unknown
MN705358,Unknown
MN705357,Unknown
MN705356,Unknown
MN705355,Unknown
MN705354,Unknown
MN705336,Unknown
MN705353,Unknown
MN705352,Unknown
MN705351,Unknown
MN705350,Unknown
MN705349,Unknown
MN705348,Unknown
MN705347,Unknown
MN705346,Unknown
MN705345,Unknown
MN705344,Unknown
MN705335,Unknown
PV809652,Unknown
PV809655,Unknown
LC155236,Unknown
MT013269,Unknown
MT013268,Unknown
MT013267,Unknown
MT013266,Unknown
MT013265,Unknown
JX412126,Unknown
JX412164,Unknown
GU296029,Unknown
MH370229,Unknown
MH370228,Unknown
MH370227,Unknown
MH370226,Unknown
MH370225,Unknown
MH370224,Unknown
MH370223,Unknown
MH370222,Unknown
MH370221,Unknown
MH370220,Unknown
MH370219,Unknown
MH370218,Unknown
MH370217,Unknown
MH370216,Unknown
MH370215,Unknown
MH370214,Unknown
MH370213,Unknown
MH370212,Unknown
MH370211,Unknown
MH370210,Unknown
MH370209,Unknown
MH370208,Unknown
MH370207,Unknown
MH370206,Unknown
MH370205,Unknown
MH370204,Unknown
MH370203,Unknown
MH370202,Unknown
MH370201,Unknown
MH370200,Unknown
MH370199,Unknown
MH370198,Unknown
MH370197,Unknown
MH370196,Unknown
MH370195,Unknown
MH370194,Unknown
MH370193,Unknown
MH370192,Unknown
MH370191,Unknown
MH370190,Unknown
MH370189,Unknown
MH370188,Unknown
MH370187,Unknown
MH370186,Unknown
MH370185,Unknown
MH370184,Unknown
MH370183,Unknown
MH370182,Unknown
MH370181,Unknown
MH370180,Unknown
MH370179,Unknown
MH370178,Unknown
MH370177,Unknown
MH370176,Unknown
MH370175,Unknown
MH370174,Unknown
MH370173,Unknown
MH370172,Unknown
MH370171,Unknown
MH370170,Unknown
MH370169,Unknown
MH370168,Unknown
MH370167,Unknown
MH370166,Unknown
MH370165,Unknown
MH370164,Unknown
OR513852,Unknown
AB706259,Unknown
AB706253,Unknown
KC823195,Unknown
KC823194,Unknown
KC823188,Unknown
KC823187,Unknown
KC823186,Unknown
KC823184,Unknown
KC823182,Unknown
KC823185,Unknown
KC823207,Unknown
KC823181,Unknown
KC823180,Unknown
KC823179,Unknown
KC823183,Unknown
KR029094,Unknown
KC823201,Unknown
KC823199,Unknown
KC823206,Unknown
KC823208,Unknown
KC823204,Unknown
KC823202,Unknown
KC823193,Unknown
KC823203,Unknown
KC823205,Unknown
KC823200,Unknown
KC823190,Unknown
KC823198,Unknown
KC823197,Unknown
KC823196,Unknown
KC823189,Unknown
KC823191,Unknown
KC823192,Unknown
KP313777,Unknown
KP313776,Unknown
KP313775,Unknown
KP313774,Unknown
KP313773,Unknown
PX844076,Unknown
KP313772,Unknown
KP313771,Unknown
KP313770,Unknown
KP313769,Unknown
KP313768,Unknown
KP313767,Unknown
KP313766,Unknown
KP313765,Unknown
MW388715,Unknown
MW388714,Unknown
MW388716,Unknown
PV426499,Unknown
PV426498,Unknown
PV426497,Unknown
PV426496,Unknown
PV426495,Unknown
PV426494,Unknown
PV426493,Unknown
PV426502,Unknown
PV426512,Unknown
PV426504,Unknown
PV426509,Unknown
PV426508,Unknown
PV426511,Unknown
PV426503,Unknown
PV426500,Unknown
PV426506,Unknown
PV426505,Unknown
PV426501,Unknown
PV426513,Unknown
PV426507,Unknown
PV426514,Unknown
PV426510,Unknown
MN542782,Unknown
KX462889,Unknown
KX462888,Unknown
KF954093,A
KX462887,Unknown
EU880243,Unknown
EU880242,Unknown
EU880241,Unknown
EU880240,Unknown
EU880239,Unknown
EU880238,Unknown
EU880272,Unknown
EU880271,Unknown
EU880270,Unknown
EU880269,Unknown
EU880268,Unknown
EU880267,Unknown
EU880266,Unknown
EU880265,Unknown
EU880264,Unknown
EU880237,Unknown
EU880263,Unknown
EU880262,Unknown
EU880261,Unknown
EU880260,Unknown
EU880259,Unknown
EU880258,Unknown
EU880257,Unknown
EU880256,Unknown
EU880255,Unknown
EU880254,Unknown
EU880236,Unknown
EU880253,Unknown
EU880252,Unknown
EU880251,Unknown
EU880250,Unknown
EU880249,Unknown
EU880248,Unknown
EU880247,Unknown
EU880246,Unknown
EU880245,Unknown
EU880244,Unknown
EU880235,Unknown
KY848440,Unknown
KY848442,Unknown
MN881080,Unknown
MN881079,Unknown
MN881078,Unknown
MN881077,Unknown
MN881076,Unknown
MN881093,Unknown
MN881092,Unknown
MN881075,Unknown
MN881091,Unknown
MN881090,Unknown
MN881089,Unknown
MN881088,Unknown
MN881074,Unknown
MN881087,Unknown
KJ869425,Unknown
MH057742,Unknown
MH057741,Unknown
MH057740,Unknown
MH057739,Unknown
MH057738,Unknown
MH057737,Unknown
MH057736,Unknown
MH057735,Unknown
KP019254,Unknown
KP019253,Unknown
KP019252,Unknown
KP019251,Unknown
KP019250,Unknown
KP019249,Unknown
KP019248,Unknown
KP019247,Unknown
KP019246,Unknown
KP019245,Unknown
KP019244,Unknown
KP019243,Unknown
KP019242,Unknown
KP019241,Unknown
KP019240,Unknown
KP019255,Unknown
MZ546256,Unknown
MZ546255,Unknown
MZ546254,Unknown
MZ546253,Unknown
MZ546252,Unknown
MZ546251,Unknown
MZ546250,Unknown
MZ546249,Unknown
MZ546248,Unknown
MZ546247,Unknown
MZ546246,Unknown
MZ546245,Unknown
MZ546244,Unknown
MZ546243,Unknown
MZ546242,Unknown
MZ546241,Unknown
MZ546240,Unknown
MZ546239,Unknown
MZ546238,Unknown
MZ546237,Unknown
MZ546236,Unknown
MZ546235,Unknown
MZ546234,Unknown
MZ546233,Unknown
MZ546232,Unknown
MZ546224,Unknown
MZ546231,Unknown
MZ546223,Unknown
MZ546230,Unknown
MZ546222,Unknown
MZ546229,Unknown
MZ546221,Unknown
MZ546228,Unknown
MZ546220,Unknown
MZ546227,Unknown
MZ546219,Unknown
MZ546226,Unknown
MZ546218,Unknown
MZ546225,Unknown
MZ546285,Unknown
MZ546314,Unknown
MZ546284,Unknown
MZ546313,Unknown
MZ546283,Unknown
MZ546312,Unknown
MZ546282,Unknown
MZ546311,Unknown
MZ546281,Unknown
MZ546310,Unknown
MZ546280,Unknown
MZ546309,Unknown
MZ546279,Unknown
MZ546308,Unknown
MZ546278,Unknown
MZ546307,Unknown
MZ546277,Unknown
MZ546306,Unknown
MZ546276,Unknown
MZ546305,Unknown
MZ546275,Unknown
MZ546304,Unknown
MZ546274,Unknown
MZ546303,Unknown
MZ546273,Unknown
MZ546302,Unknown
MZ546272,Unknown
MZ546301,Unknown
MZ546271,Unknown
MZ546300,Unknown
MZ546270,Unknown
MZ546299,Unknown
MZ546269,Unknown
MZ546298,Unknown
MZ546268,Unknown
MZ546297,Unknown
MZ546267,Unknown
MZ546296,Unknown
MZ546266,Unknown
MZ546295,Unknown
MZ546265,Unknown
MZ546294,Unknown
MZ546264,Unknown
MZ546293,Unknown
MZ546263,Unknown
MZ546292,Unknown
MZ546262,Unknown
MZ546291,Unknown
MZ546261,Unknown
MZ546290,Unknown
MZ546260,Unknown
MZ546289,Unknown
MZ546259,Unknown
MZ546288,Unknown
MZ546258,Unknown
MZ546287,Unknown
MZ546257,Unknown
MZ546286,Unknown
OQ911727,Unknown
JX412113,Unknown
JX412151,Unknown
KY994539,Unknown
OQ730057,Unknown
JX412128,Unknown
JX412166,Unknown
OP572474,Unknown
OP572473,Unknown
OP572472,Unknown
OP572471,Unknown
OP572470,Unknown
OP572469,Unknown
OP572468,Unknown
OP572467,Unknown
OP572466,Unknown
OP572465,Unknown
OP572464,Unknown
OP572463,Unknown
OP572462,Unknown
OP572461,Unknown
OP572460,Unknown
OP572459,Unknown
OP572458,Unknown
OP572457,Unknown
OP572456,Unknown
OP572455,Unknown
OP572454,Unknown
OP572453,Unknown
OP572452,Unknown
OP572451,Unknown
OP572450,Unknown
OP572449,Unknown
OP572448,Unknown
OP572447,Unknown
OP572446,Unknown
OP572445,Unknown
OP572444,Unknown
OP572443,Unknown
OP572442,Unknown
OP572441,Unknown
OP572440,Unknown
OP572439,Unknown
OP572438,Unknown
OP572437,Unknown
OP572436,Unknown
OP572435,Unknown
OP572434,Unknown
OP572433,Unknown
OP572432,Unknown
OP572431,Unknown
OP572430,Unknown
OP572429,Unknown
OP572428,Unknown
OP572427,Unknown
MT771984,Unknown
MT771983,Unknown
MT771982,Unknown
MT771981,Unknown
MT771980,Unknown
MT771979,Unknown
MT771978,Unknown
MT771977,Unknown
MT771976,Unknown
MT771975,Unknown
MT771974,Unknown
MT771973,Unknown
MT771972,Unknown
MT771971,Unknown
MT771970,Unknown
MT771969,Unknown
MT771968,Unknown
MT771967,Unknown
MT771966,Unknown
MT771965,Unknown
MT771964,Unknown
MT771963,Unknown
MT771962,Unknown
MT771961,Unknown
MT771960,Unknown
MT771959,Unknown
LC155234,Unknown
MT755643,Unknown
LC155231,Unknown
JX412147,Unknown
JX412185,Unknown
JX412132,Unknown
JX412170,Unknown
PQ215503,Unknown
HM596522,Unknown
HM596521,Unknown
HM596514,Unknown
HM596513,Unknown
HM596512,Unknown
HM596511,Unknown
HM596510,Unknown
HM596509,Unknown
HM596524,Unknown
HM596523,Unknown
HM596520,Unknown
HM596519,Unknown
HM596518,Unknown
HM596517,Unknown
HM596516,Unknown
HM596515,Unknown
HM596508,Unknown
KM226842,Unknown
KM226843,Unknown
KM226844,Unknown
KM226845,Unknown
KM226846,Unknown
KM226847,Unknown
KM226848,Unknown
KM226849,Unknown
KM226850,Unknown
KM226851,Unknown
KM226852,Unknown
KM226853,Unknown
KM226854,Unknown
KM226855,Unknown
KM226856,Unknown
KM226857,Unknown
KM226858,Unknown
KM226859,Unknown
KM226860,Unknown
KM226861,Unknown
KM226862,Unknown
KM501545,Unknown
KM501544,Unknown
KM501543,Unknown
KM501542,Unknown
KM501541,Unknown
PQ215497,Unknown
JX073665,Unknown
JX073666,Unknown
JX073664,Unknown
MT013274,Unknown
MT013273,Unknown
MT013272,Unknown
MT013271,Unknown
MT013270,Unknown
FJ797034,Unknown
FJ797052,Unknown
FJ797056,Unknown
FJ797051,Unknown
FJ797057,Unknown
MN881083,Unknown
MN881084,Unknown
MN881081,Unknown
MN881086,Unknown
MN881085,Unknown
MN881082,Unknown
KY978943,Unknown
KY978942,Unknown
KY978941,Unknown
KY978940,Unknown
KY978939,Unknown
KY978938,Unknown
KY978937,Unknown
KY978936,Unknown
KY978935,Unknown
KY978913,Unknown
KY978934,Unknown
KY978912,Unknown
KY978933,Unknown
KY978911,Unknown
KY978932,Unknown
KY978910,Unknown
KY978931,Unknown
KY978909,Unknown
KY978930,Unknown
KY978908,Unknown
KY978929,Unknown
KY978907,Unknown
KY978928,Unknown
KY978906,Unknown
KY978927,Unknown
KY978905,Unknown
KY978926,Unknown
KY978904,Unknown
KY978925,Unknown
KY978903,Unknown
KY978924,Unknown
KY978902,Unknown
KY978923,Unknown
KY978901,Unknown
KY978922,Unknown
KY978900,Unknown
KY978921,Unknown
KY978899,Unknown
KY978920,Unknown
KY978898,Unknown
KY978919,Unknown
KY978897,Unknown
KY978918,Unknown
KY978896,Unknown
KY978917,Unknown
KY978895,Unknown
KY978916,Unknown
KY978894,Unknown
KY978915,Unknown
KY978893,Unknown
KY978914,Unknown
KY314448,Unknown
KY290924,Unknown
KY314407,Unknown
KY290926,Unknown
KY314433,Unknown
KY290942,Unknown
KY314441,Unknown
KY290920,Unknown
KY314409,Unknown
KY290911,Unknown
KY314447,Unknown
KY290893,Unknown
KY314406,Unknown
KY290934,Unknown
KY314426,Unknown
KY290914,Unknown
KY314442,Unknown
KY290919,Unknown
KY314408,Unknown
KY290938,Unknown
KY314432,Unknown
KY290922,Unknown
KY314403,Unknown
KY290916,Unknown
KY314428,Unknown
KY290940,Unknown
KY314439,Unknown
KY290925,Unknown
KY314444,Unknown
KY290892,Unknown
KY314416,Unknown
KY290900,Unknown
KY314421,Unknown
KY290930,Unknown
KY314445,Unknown
KY290915,Unknown
KY314425,Unknown
KY290943,Unknown
KY314401,Unknown
KY290906,Unknown
KY314399,Unknown
KY290894,Unknown
KY314400,Unknown
KY290923,Unknown
KY314431,Unknown
KY290912,Unknown
KY314455,Unknown
KY290927,Unknown
KY314437,Unknown
KY290931,Unknown
KY314411,Unknown
KY290936,Unknown
KY314429,Unknown
KY290895,Unknown
KY314404,Unknown
KY290907,Unknown
KY314413,Unknown
KY290939,Unknown
KY314410,Unknown
KY290909,Unknown
KY314414,Unknown
KY290899,Unknown
KY314438,Unknown
KY290904,Unknown
KY314412,Unknown
KY290898,Unknown
KY314419,Unknown
KY290946,Unknown
KY314402,Unknown
KY290935,Unknown
KY314427,Unknown
KY290945,Unknown
KY314420,Unknown
KY290897,Unknown
KY314418,Unknown
KY290913,Unknown
KY314417,Unknown
KY290941,Unknown
KY314415,Unknown
KY290908,Unknown
KY314454,Unknown
KY290902,Unknown
KY314443,Unknown
KY290918,Unknown
KY314430,Unknown
KY290901,Unknown
KY314452,Unknown
KY290903,Unknown
KY314451,Unknown
KY290933,Unknown
KY314424,Unknown
KY290928,Unknown
KY314422,Unknown
KY290910,Unknown
KY314446,Unknown
KY290917,Unknown
KY314440,Unknown
KY290944,Unknown
KY314453,Unknown
KY290905,Unknown
KY314436,Unknown
KY290929,Unknown
KY314449,Unknown
KY290937,Unknown
KY314435,Unknown
KY290891,Unknown
KY314434,Unknown
KY290932,Unknown
KY314423,Unknown
KY290921,Unknown
KY314450,Unknown
KY290896,Unknown
KY314405,Unknown
PQ215489,Unknown
KU050193,Unknown
KU050192,Unknown
KU050191,Unknown
KU050190,Unknown
KU050189,Unknown
KU050188,Unknown
KU050187,Unknown
KU050186,Unknown
KU050185,Unknown
KU050184,Unknown
KU050183,Unknown
KU050182,Unknown
KU050181,Unknown
KU050180,Unknown
KU050179,Unknown
KU050178,Unknown
KU050177,Unknown
KU050176,Unknown
KU050175,Unknown
KU050174,Unknown
KU050170,Unknown
KU050169,Unknown
KU050168,Unknown
KU050167,Unknown
KU050166,Unknown
KU050165,Unknown
KU050164,Unknown
KU050163,Unknown
KU050162,Unknown
KU050161,Unknown
KU050160,Unknown
KU050159,Unknown
KU050173,Unknown
KU050171,Unknown
KU050172,Unknown
EF029183,Unknown
EF029182,Unknown
MW452855,Unknown
MW452854,Unknown
MW452853,Unknown
MW452852,Unknown
MW452851,Unknown
MW452850,Unknown
MW452849,Unknown
MW452848,Unknown
MW452847,Unknown
MW452846,Unknown
MW452845,Unknown
MW452844,Unknown
MW452843,Unknown
MW452842,Unknown
MW452841,Unknown
MW452840,Unknown
MW452839,Unknown
MW452838,Unknown
MW452837,Unknown
MW452836,Unknown
MW452835,Unknown
MW452834,Unknown
MW452833,Unknown
MW452832,Unknown
MW452831,Unknown
MW452830,Unknown
MW452829,Unknown
MW452828,Unknown
MW452827,Unknown
MW452826,Unknown
MW452825,Unknown
MW452824,Unknown
MW452823,Unknown
MW452822,Unknown
MW452821,Unknown
MW452820,Unknown
MW452819,Unknown
MW452818,Unknown
MW452817,Unknown
MW452816,Unknown
MW452815,Unknown
MW452814,Unknown
MW452813,Unknown
MW452812,Unknown
MW452811,Unknown
MW452810,Unknown
MW452809,Unknown
MW452808,Unknown
MW452807,Unknown
MW452806,Unknown
MW452805,Unknown
MW452804,Unknown
MW452803,Unknown
MW452802,Unknown
MW452801,Unknown
MW452800,Unknown
MW452799,Unknown
MW452798,Unknown
MW452797,Unknown
MW452796,Unknown
MW452795,Unknown
MW452794,Unknown
MW452793,Unknown
MW452792,Unknown
MW452791,Unknown
MW452790,Unknown
MW452789,Unknown
MW452788,Unknown
MW452787,Unknown
MW452786,Unknown
MW452785,Unknown
MW452784,Unknown
MW452783,Unknown
MW452782,Unknown
MW452781,Unknown
MW452780,Unknown
MW452779,Unknown
MW452778,Unknown
MW452777,Unknown
MW452776,Unknown
MW452775,Unknown
MW452774,Unknown
MW452773,Unknown
MW452772,Unknown
MW452771,Unknown
MW452770,Unknown
MW452769,Unknown
MW452768,Unknown
MW452767,Unknown
MW452766,Unknown
MW452765,Unknown
EF029181,Unknown
MW452764,Unknown
MW452763,Unknown
MW452762,Unknown
MW452761,Unknown
MW452760,Unknown
MW452759,Unknown
MW452758,Unknown
MW452757,Unknown
MW452756,Unknown
MW452755,Unknown
MW452754,Unknown
MW452753,Unknown
MW452752,Unknown
MW452751,Unknown
MW452750,Unknown
MW452749,Unknown
MW452748,Unknown
MW452747,Unknown
MW452746,Unknown
MW452745,Unknown
MW452744,Unknown
MW452743,Unknown
MW452742,Unknown
MW452741,Unknown
MW452740,Unknown
MW452739,Unknown
MW452738,Unknown
MW452737,Unknown
MW452736,Unknown
MW452735,Unknown
MW452734,Unknown
MW452733,Unknown
MW452732,Unknown
MW452731,Unknown
MW452730,Unknown
MW452729,Unknown
MW452728,Unknown
MW452727,Unknown
MW452726,Unknown
MW452725,Unknown
MW452724,Unknown
MW452723,Unknown
MW452722,Unknown
MW452721,Unknown
MW452720,Unknown
MW452719,Unknown
MW452718,Unknown
MW452717,Unknown
MW452716,Unknown
MW452715,Unknown
MW452714,Unknown
MW452713,Unknown
MW452712,Unknown
MW452711,Unknown
MW452710,Unknown
MW452709,Unknown
MW452708,Unknown
MW452707,Unknown
MW452706,Unknown
MW452705,Unknown
MW452704,Unknown
MW452703,Unknown
MW452702,Unknown
MW452701,Unknown
MW452700,Unknown
MW452699,Unknown
MW452698,Unknown
MW452697,Unknown
MW452696,Unknown
MW452695,Unknown
MW452694,Unknown
MW452693,Unknown
MW452692,Unknown
MW452691,Unknown
MW452690,Unknown
MW452689,Unknown
MW452688,Unknown
MW452687,Unknown
MW452686,Unknown
MW452685,Unknown
MW452684,Unknown
MW452683,Unknown
MW452682,Unknown
MW452681,Unknown
MW452680,Unknown
MW452679,Unknown
MW452678,Unknown
MW452677,Unknown
MW452676,Unknown
MW452675,Unknown
MW452674,Unknown
MW452673,Unknown
MW452672,Unknown
MW452671,Unknown
MW452670,Unknown
MW452669,Unknown
MW452668,Unknown
MW452667,Unknown
MW452666,Unknown
EF029180,Unknown
EF029179,Unknown
PX131956,Unknown
PX131955,Unknown
PX131954,Unknown
PX131953,Unknown
PX131952,Unknown
PX131951,Unknown
PX131950,Unknown
PX131949,Unknown
PX131948,Unknown
PX131947,Unknown
PX131946,Unknown
PX131945,Unknown
PX131944,Unknown
PX131943,Unknown
PX131942,Unknown
PX131941,Unknown
PX131940,Unknown
PX131939,Unknown
PX131938,Unknown
PX131937,Unknown
PX131936,Unknown
PX131935,Unknown
PX131934,Unknown
PX131933,Unknown
PX131932,Unknown
PX131931,Unknown
PX131930,Unknown
PX131929,Unknown
PX131928,Unknown
PX131927,Unknown
PX131926,Unknown
PX131925,Unknown
PX131924,Unknown
PX131923,Unknown
PX131922,Unknown
PX131921,Unknown
PX131920,Unknown
PX131919,Unknown
PX131918,Unknown
PX131917,Unknown
PX131916,Unknown
PX131915,Unknown
PX131914,Unknown
PX131913,Unknown
PX131912,Unknown
PX131911,Unknown
PX131910,Unknown
PX131909,Unknown
PX131908,Unknown
PX131907,Unknown
PX131906,Unknown
PX131905,Unknown
PX131904,Unknown
PX131903,Unknown
PX131902,Unknown
PX131901,Unknown
PX131900,Unknown
PX131899,Unknown
PX131898,Unknown
PX131897,Unknown
PX131896,Unknown
KC904802,Unknown
KC904801,Unknown
KC904800,Unknown
KC904799,Unknown
KC904798,Unknown
KC904825,Unknown
FJ797033,Unknown
FJ797035,Unknown
FJ797036,Unknown
FJ797038,Unknown
FJ797039,Unknown
FJ797040,Unknown
FJ797041,Unknown
FJ797042,Unknown
FJ797043,Unknown
FJ797048,Unknown
FJ797049,Unknown
FJ797050,Unknown
FJ797053,Unknown
FJ797054,Unknown
FJ797058,Unknown
KC904811,Unknown
KC904810,Unknown
KC904809,Unknown
KC904808,Unknown
KC904807,Unknown
KC904806,Unknown
KC904805,Unknown
KC904804,Unknown
KC904821,Unknown
KC904820,Unknown
KC904819,Unknown
KC904818,Unknown
KC904817,Unknown
KC904816,Unknown
KC904815,Unknown
KC904814,Unknown
KC904813,Unknown
KC904812,Unknown
KC904803,Unknown
KC904822,Unknown
KC904824,Unknown
KC904823,Unknown
KC904834,Unknown
KC904833,Unknown
KC904832,Unknown
KC904831,Unknown
KC904830,Unknown
KC904868,Unknown
KC904867,Unknown
KC904866,Unknown
KC904865,Unknown
KC904829,Unknown
KC904864,Unknown
KC904863,Unknown
KC904862,Unknown
KC904861,Unknown
KC904860,Unknown
KC904859,Unknown
KC904858,Unknown
KC904857,Unknown
KC904856,Unknown
KC904855,Unknown
KC904828,Unknown
KC904854,Unknown
KC904853,Unknown
KC904852,Unknown
KC904851,Unknown
KC904850,Unknown
KC904849,Unknown
KC904848,Unknown
KC904847,Unknown
KC904846,Unknown
KC904845,Unknown
KC904827,Unknown
KC904844,Unknown
KC904843,Unknown
KC904842,Unknown
KC904841,Unknown
KC904840,Unknown
KC904839,Unknown
KC904838,Unknown
KC904837,Unknown
KC904836,Unknown
KC904835,Unknown
KC904826,Unknown
KX296742,Unknown
KX296745,Unknown
PV012280,A
PV012262,A
JX412143,Unknown
JX412181,Unknown
PQ215508,Unknown
JX412130,Unknown
JX412168,Unknown
JX412124,Unknown
JX412162,Unknown
PQ215499,Unknown
JX412119,Unknown
JX412157,Unknown
JX412114,Unknown
JX412152,Unknown
MW438318,Unknown
JX412117,Unknown
JX412155,Unknown
LC155226,Unknown
KJ922762,Unknown
KJ922766,Unknown
MK303341,Unknown
MK303340,Unknown
MK303339,Unknown
MK303336,Unknown
MK303337,Unknown
KJ465998,Unknown
KJ465999,Unknown
KJ465996,Unknown
PQ529790,Unknown
PQ529789,Unknown
PQ529788,Unknown
PQ529787,Unknown
KJ465997,Unknown
KP212154,A
KP212153,A
KP212152,A
KP212151,A
KP212159,A
KP212158,A
KP212150,A
KP212157,A
KP212156,A
KP212155,A
JX412112,Unknown
JX412150,Unknown
MF066775,Unknown
MF066865,Unknown
MF066774,Unknown
MF066864,Unknown
MF066773,Unknown
MF066863,Unknown
MF066772,Unknown
MF066862,Unknown
MF066771,Unknown
MF066861,Unknown
MF066860,Unknown
MF066729,Unknown
MF066816,Unknown
KJ465993,Unknown
KX912911,Unknown
MF066728,Unknown
MF066815,Unknown
MF066770,Unknown
MF066859,Unknown
KX912910,Unknown
MF066769,Unknown
MF066858,Unknown
MF066768,Unknown
MF066857,Unknown
KX912909,Unknown
MF066767,Unknown
MF066856,Unknown
MF066766,Unknown
MF066855,Unknown
KX912908,Unknown
MF066765,Unknown
MF066854,Unknown
MF066764,Unknown
MF066853,Unknown
MF066763,Unknown
MF066852,Unknown
KX912907,Unknown
MF066762,Unknown
MF066851,Unknown
KX912906,Unknown
MF066727,Unknown
MF066814,Unknown
MF066761,Unknown
MF066850,Unknown
KX912905,Unknown
MF066760,Unknown
MF066849,Unknown
KX912904,Unknown
KX912903,Unknown
MF066759,Unknown
MF066848,Unknown
KX912902,Unknown
MF066758,Unknown
MF066847,Unknown
MF066757,Unknown
MF066846,Unknown
MF066756,Unknown
MF066845,Unknown
MF066755,Unknown
MF066844,Unknown
MF066754,Unknown
MF066843,Unknown
MF066753,Unknown
MF066842,Unknown
KX912901,Unknown
MF066752,Unknown
MF066841,Unknown
MF066751,Unknown
MF066840,Unknown
MF066750,Unknown
MF066839,Unknown
KX912900,Unknown
MF066749,Unknown
MF066838,Unknown
MF066748,Unknown
MF066837,Unknown
MF066747,Unknown
MF066836,Unknown
KX912899,Unknown
MF066746,Unknown
MF066835,Unknown
KX912898,Unknown
MF066745,Unknown
MF066834,Unknown
KX912897,Unknown
MF066744,Unknown
MF066833,Unknown
KX912896,Unknown
KX912912,Unknown
MF066743,Unknown
MF066832,Unknown
KX912895,Unknown
MF066742,Unknown
MF066831,Unknown
MF066741,Unknown
MF066830,Unknown
MF066740,Unknown
MF066829,Unknown
MF066739,Unknown
MF066828,Unknown
MF066738,Unknown
MF066827,Unknown
MF066737,Unknown
MF066826,Unknown
MF066736,Unknown
MF066825,Unknown
MF066735,Unknown
MF066824,Unknown
MF066734,Unknown
MF066823,Unknown
KX912894,Unknown
MF066733,Unknown
MF066822,Unknown
MF066821,Unknown
KX912893,Unknown
KX912892,Unknown
KX912891,Unknown
MF066732,Unknown
MF066820,Unknown
KX912890,Unknown
KX912889,Unknown
KX912888,Unknown
KX912887,Unknown
KX912886,Unknown
KX912885,Unknown
LC857155,Unknown
MF066731,Unknown
MF066819,Unknown
LC857161,Unknown
KX912884,Unknown
LC857154,Unknown
LC857153,Unknown
KX912883,Unknown
PP974748,Unknown
KX912882,Unknown
KX912881,Unknown
MF066730,Unknown
MF066818,Unknown
KX912880,Unknown
PP974747,Unknown
PP974734,Unknown
PP974733,Unknown
MF066784,Unknown
MF066874,Unknown
LC857152,Unknown
MF066783,Unknown
MF066873,Unknown
MF066782,Unknown
MF066872,Unknown
MF066817,Unknown
MF066781,Unknown
MF066871,Unknown
MF066780,Unknown
MF066870,Unknown
MF066779,Unknown
MF066869,Unknown
LC857160,Unknown
MF066778,Unknown
MF066868,Unknown
MF066777,Unknown
MF066867,Unknown
MF066776,Unknown
MF066866,Unknown
KX912879,Unknown
MZ484662,Unknown
MZ484655,Unknown
OQ730069,Unknown
OQ730081,Unknown
MZ484658,Unknown
MZ484659,Unknown
MT013264,Unknown
MT013263,Unknown
KY549321,A
KY549320,A
KY549319,A
KY549318,A
KY549317,A
KY549316,A
KY549315,A
KY549314,A
KY549313,A
KY549312,A
MT013262,Unknown
KY549311,A
KY549310,A
MZ484656,Unknown
MT013261,Unknown
KY549309,A
KY549308,A
KY549307,A
KY549306,A
KY549305,A
MT013260,Unknown
KY549304,A
KY549303,A
KY549302,A
KY549301,A
KY549300,A
KY549299,A
KY549298,A
KY549297,A
KY549296,A
KY549295,A
KY549294,A
KY549293,A
KY549292,A
KY549291,A
KY549290,A
KY549289,A
MZ484661,Unknown
KY549288,A
KY549287,A
KY549286,A
KY549285,A
MZ447800,A
KY549284,A
KY549283,A
KY549282,A
KY549281,A
KY549280,A
KY549279,A
KY549278,A
KY549277,A
KY549276,A
KY549275,A
KY549274,A
KY549273,A
KY549272,A
KY549271,A
KY549270,A
KY549269,A
KY549268,A
KY549267,A
KY549266,A
KY549265,A
KY549264,A
KY549263,A
KY549262,A
KY549261,A
KY549260,A
KY549259,A
KY549258,A
KY549257,A
KY549256,A
KY549255,A
KY549254,A
KY549253,A
KY549252,A
KY549251,A
KY549250,A
KY549249,A
KY549248,A
KY549247,A
KY549246,A
LC155224,Unknown
KY549245,A
KY549244,A
KY549243,A
KY549242,A
KY549241,A
KY549240,A
KY549239,A
KY549238,A
KY549237,A
KY549236,A
KY549235,A
KY549234,A
KY549233,A
KY549232,A
MZ484660,Unknown
KY549231,A
KY549230,A
KY549229,A
KY549228,A
MZ484657,Unknown
KY549227,A
KY549226,A
KY549225,A
KY549224,A
KY549223,A
KY549222,A
PP974724,Unknown
MZ447801,A
OQ730050,Unknown
OQ730049,Unknown
OQ730064,Unknown
OQ730056,Unknown
OQ730048,Unknown
OQ730041,Unknown
PP974723,Unknown
LC155223,Unknown
OQ730055,Unknown
OQ730068,Unknown
OQ730040,Unknown
OQ730067,Unknown
OQ730047,Unknown
OQ730066,Unknown
OQ730046,Unknown
OQ730045,Unknown
OQ730080,Unknown
OQ730038,Unknown
OQ730079,Unknown
OQ730044,Unknown
OQ730043,Unknown
OQ730061,Unknown
OQ730042,Unknown
OQ730065,Unknown
KJ754948,Unknown
KJ754947,Unknown
KJ754946,Unknown
KJ754945,Unknown
KJ754944,Unknown
KJ754943,Unknown
KJ754942,Unknown
KJ754941,Unknown
KJ754940,Unknown
MG210368,Unknown
MN075940,Unknown
MN075939,Unknown
MN075938,Unknown
MN075937,Unknown
MN075936,Unknown
MN075935,Unknown
MN075934,Unknown
MN075933,Unknown
MN075932,Unknown
JX412137,Unknown
JX412175,Unknown
JX412136,Unknown
JX412174,Unknown
PV809656,Unknown
PQ178099,Unknown
PQ178101,Unknown
PQ178125,Unknown
PQ178134,Unknown
PQ178147,Unknown
PQ178137,Unknown
PQ178117,Unknown
PQ178132,Unknown
PQ178154,Unknown
PQ178146,Unknown
PQ178116,Unknown
MF191623,Unknown
MF191624,Unknown
MF191625,Unknown
MF191626,Unknown
MF191627,Unknown
MF191628,Unknown
MF191629,Unknown
MF191630,Unknown
MF191631,Unknown
MF191632,Unknown
MF191633,Unknown
MF191634,Unknown
MF191635,Unknown
MF191636,Unknown
MF191637,Unknown
MF191638,Unknown
MF191639,Unknown
MF191640,Unknown
MF191641,Unknown
MF191642,Unknown
KC662551,Unknown
KC662586,Unknown
KC662549,Unknown
KC662587,Unknown
KC662538,Unknown
KC662580,Unknown
KC662548,Unknown
KC662589,Unknown
KC662540,Unknown
KC662579,Unknown
KC662547,Unknown
KC662588,Unknown
KC662546,Unknown
KC662583,Unknown
KC662552,Unknown
KC662584,Unknown
KC662545,Unknown
KC662577,Unknown
KC662553,Unknown
KC662582,Unknown
KC662550,Unknown
KC662576,Unknown
MT013259,Unknown
KC662544,Unknown
KC662581,Unknown
KC662539,Unknown
KC662575,Unknown
KC662542,Unknown
KC662574,Unknown
KC662541,Unknown
KC662585,Unknown
MT013258,Unknown
KC662543,Unknown
KC662578,Unknown
MT013257,Unknown
MT013256,Unknown
OP751663,A
OP751621,A
OP751662,A
OP751661,A
OP751660,A
OP751659,A
OP751658,A
OP751620,A
OP751657,A
OP751656,A
OP751558,A
OP751655,A
OP751619,A
OP751654,A
OP751653,A
OP751617,A
OP751616,A
OP751615,A
OP751614,A
OP751613,A
OP751612,A
OP751557,A
OP751611,A
OP751652,A
OP751651,A
OP751650,A
OP751649,A
OP751570,A
OP751648,A
OP751610,A
OP751609,A
OP751608,A
OP751636,A
OP751607,A
OP751606,A
OP751605,A
OP751604,A
OP751603,A
OP751602,A
OP751601,A
OP751600,A
OP751599,A
OP751598,A
OP751635,A
OP751597,A
OP751596,A
OP751595,A
OP751594,A
OP751593,A
OP751592,A
OP751591,A
OP751590,A
OP751589,A
OP751588,A
OP751556,A
OP751587,A
OP751586,A
OP751585,A
OP751584,A
OP751583,A
OP751582,A
OP751581,A
OP751580,A
OP751579,A
OP751578,A
OP751555,A
OP751577,A
OP751576,A
OP751575,A
OP751574,A
OP751573,A
OP751572,A
OP751571,A
OP751647,A
OP751646,A
OP751645,A
OP751554,A
OP751644,A
OP751643,A
OP751642,A
OP751641,A
OP751640,A
OP751639,A
OP751638,A
OP751569,A
OP751568,A
OP751553,A
OP751567,A
OP751566,A
OP751565,A
OP751564,A
OP751563,A
OP751562,A
OP751684,A
OP751682,A
OP751674,A
OP751618,A
OP751634,A
OP751637,A
OP751633,A
OP751632,A
OP751631,A
OP751630,A
OP751683,A
OP751681,A
OP751680,A
OP751629,A
OP751679,A
OP751678,A
OP751561,A
OP751677,A
OP751628,A
OP751676,A
OP751675,A
OP751627,A
OP751673,A
OP751626,A
OP751625,A
OP751672,A
OP751624,A
OP751560,A
OP751671,A
OP751670,A
OP751623,A
OP751669,A
OP751668,A
OP751667,A
OP751666,A
OP751665,A
OP751622,A
OP751664,A
OP751559,A
OP751552,A
HM057182,A
MK303335,Unknown
MK303338,Unknown
KC904906,Unknown
KC904905,Unknown
KC904904,Unknown
KC904903,Unknown
KC904902,Unknown
KC904901,Unknown
KC904900,Unknown
KC904899,Unknown
KC904907,Unknown
KC904898,Unknown
KC904910,Unknown
KC904896,Unknown
KC904895,Unknown
KC904888,Unknown
KC904887,Unknown
KC904886,Unknown
KC904885,Unknown
KC904884,Unknown
KC904883,Unknown
KC904882,Unknown
KC904881,Unknown
KC904894,Unknown
KC904893,Unknown
KC904892,Unknown
KC904891,Unknown
KC904890,Unknown
KC904889,Unknown
KC904880,Unknown
KP677555,Unknown
KP677554,Unknown
KC904909,Unknown
KC904908,Unknown
KC904897,Unknown
KX296743,Unknown
KX296744,Unknown
KX296746,Unknown
KX296747,Unknown
KX296751,Unknown
KX296752,Unknown
KX296753,Unknown
KX296754,Unknown
KX296757,Unknown
KX296758,Unknown
KX296759,Unknown
KC904873,Unknown
KC904872,Unknown
KC904871,Unknown
KC904879,Unknown
KC904878,Unknown
KC904877,Unknown
KC904876,Unknown
KC904875,Unknown
KC904874,Unknown
KP677556,Unknown
KP677553,Unknown
KC904870,Unknown
KX296748,Unknown
KX296749,Unknown
KX296750,Unknown
KX296755,Unknown
KX296756,Unknown
KX296760,Unknown
KC904869,Unknown
KX947270,D
KX947285,A
KX947284,A
KX947269,D
KX947272,D
PQ215504,Unknown
KF181716,Unknown
KF181717,Unknown
KF181718,Unknown
KC832496,Unknown
KC736929,Unknown
KC736930,Unknown
KC736931,Unknown
KC736932,Unknown
KC166220,Unknown
KM095046,Unknown
KM095045,Unknown
KM095044,Unknown
KM095043,Unknown
KM095042,Unknown
KM095041,Unknown
KM095040,Unknown
KM095039,Unknown
KM095038,Unknown
KM095037,Unknown
KM095036,Unknown
KM095035,Unknown
KM095034,Unknown
KM095033,Unknown
KM095032,Unknown
KM095031,Unknown
KM095030,Unknown
KM095029,Unknown
KM095028,Unknown
KM095027,Unknown
KM095026,Unknown
KM095025,Unknown
KM095024,Unknown
KM095023,Unknown
KM095022,Unknown
KM095021,Unknown
KM095020,Unknown
KM095019,Unknown
KM095018,Unknown
KM095017,Unknown
KM095016,Unknown
KM095015,Unknown
KM095014,Unknown
KM095013,Unknown
KM095012,Unknown
KM095011,Unknown
KM095010,Unknown
KM095009,Unknown
KM095008,Unknown
KM095007,Unknown
KM095006,Unknown
KM095005,Unknown
KM095004,Unknown
KM095003,Unknown
KM095002,Unknown
KM095001,Unknown
KM095000,Unknown
KM094999,Unknown
KM094998,Unknown
KM094997,Unknown
KM094996,Unknown
KM094995,Unknown
KM094994,Unknown
KM094993,Unknown
KM094992,Unknown
KM094991,Unknown
KM094990,Unknown
KM094989,Unknown
KM094988,Unknown
KM094987,Unknown
KM094986,Unknown
KM094985,Unknown
KM094984,Unknown
KM094983,Unknown
KM094982,Unknown
KM094981,Unknown
KM094980,Unknown
KM094979,Unknown
KM094978,Unknown
KM094977,Unknown
KM094976,Unknown
KM094975,Unknown
KM094974,Unknown
KM094973,Unknown
KM094972,Unknown
KM094971,Unknown
KM094970,Unknown
KM094969,Unknown
KM094968,Unknown
KM094967,Unknown
KM094966,Unknown
KM094965,Unknown
KM094964,Unknown
KM094963,Unknown
KM094962,Unknown
KM094961,Unknown
KM094960,Unknown
KM094959,Unknown
KM094958,Unknown
KM094957,Unknown
KM094956,Unknown
KM094955,Unknown
KM094954,Unknown
KM094953,Unknown
KM094952,Unknown
KM094951,Unknown
KM094950,Unknown
KM094949,Unknown
KM094948,Unknown
KM094947,Unknown
KM094946,Unknown
KM094945,Unknown
KM094944,Unknown
KM094943,Unknown
KM094942,Unknown
KM094941,Unknown
KM094940,Unknown
KM094939,Unknown
KM094938,Unknown
KM094937,Unknown
KM094936,Unknown
KM094935,Unknown
KM094934,Unknown
KM094933,Unknown
KM094932,Unknown
KM094931,Unknown
PQ215490,Unknown
MW078991,Unknown
MW078992,Unknown
MW078993,Unknown
MW078994,Unknown
MW078995,Unknown
MW078996,Unknown
MW078997,Unknown
MW078998,Unknown
MW078999,Unknown
MW079000,Unknown
MW079001,Unknown
MW079002,Unknown
MW079003,Unknown
MW079004,Unknown
MW079005,Unknown
MW079006,Unknown
MW079007,Unknown
MW079008,Unknown
MW079009,Unknown
MW079010,Unknown
MW079011,Unknown
MW079012,Unknown
MW079013,Unknown
MW079014,Unknown
MW079015,Unknown
MW079016,Unknown
PQ215493,Unknown
OP728454,A
OP728453,A
OP728452,A
OP728451,A
OP728450,A
OP728449,A
OP728448,A
OP728455,A
KX912870,Unknown
OP728447,A
OP728446,A
OP728445,A
OP728461,A
OP728444,A
OP728443,A
OP728442,A
OP728441,A
OP728440,A
OP728439,A
OP728438,A
OP728437,A
OP728460,A
OP728435,A
KX912869,Unknown
OP728434,A
OP728433,A
KX912868,Unknown
OP728432,A
OP728431,A
OP728436,A
OP728430,A
OP728429,A
OP728428,A
KX912867,Unknown
OP728427,A
OP728426,A
KX912866,Unknown
OP728425,A
OP728459,A
OP728423,A
OP728422,A
KX912865,Unknown
OP728458,A
OP728421,A
OP728420,A
OP728419,A
OP728418,A
OP728424,A
OP728416,A
OP728415,A
OP728414,A
OP728413,A
OP728412,A
OP728411,A
OP728410,A
OP728408,A
OP728407,A
OP728406,A
KX912878,Unknown
OP728409,A
OP728404,A
OP728403,A
OP728402,A
OP728401,A
OP728400,A
OP728405,A
OP728417,A
OP728399,A
OP728398,A
OP728397,A
OP728396,A
OP728395,A
OP728394,A
OP728393,A
KX912877,Unknown
OP728392,A
OP728457,A
OP728390,A
KX912876,Unknown
OP728389,A
OP728388,A
OP728391,A
KX912875,Unknown
OP728387,A
OP728386,A
OP728385,A
OP728384,A
OP728383,A
OP728382,A
OP728381,A
OP728380,A
OP728456,A
KX912874,Unknown
OP728378,A
KX912873,Unknown
OP728377,A
OP728376,A
OP728375,A
OP728374,A
OP728379,A
OP728372,A
OP728371,A
OP728370,A
OP728369,A
KX912872,Unknown
OP728368,A
OP728367,A
OP728373,A
OP728366,A
OP728365,A
OP728364,A
OP728363,A
OP728362,A
OP728361,A
OP728360,A
OP728359,A
OP728358,A
OP728357,A
OP728355,A
OP728354,A
OP728353,A
OP728352,A
OP728351,A
OP728350,A
OP728349,A
OP728348,A
OP728356,A
OP728346,A
OP728345,A
OP728344,A
KX912871,Unknown
OP728343,A
OP728342,A
OP728341,A
OP728340,A
OP728339,A
OP728347,A
FJ797037,Unknown
FJ797045,Unknown
FJ797047,Unknown
FJ797046,Unknown
FJ797044,Unknown
PX131957,Unknown
GU296026,Unknown
GU296025,Unknown
GU296024,Unknown
GU296028,Unknown
GU296027,Unknown
MT568917,Unknown
PX131960,Unknown
MT568916,Unknown
MT568915,Unknown
MT568914,Unknown
PX131959,Unknown
PV352299,Unknown
MT568913,Unknown
PX447122,Unknown
PX447165,Unknown
MT568912,Unknown
PP974763,Unknown
PX131958,Unknown
PX447121,Unknown
PX447164,Unknown
KX822082,Unknown
PV091189,Unknown
PP974722,Unknown
MT568881,Unknown
KU721787,Unknown
PX447188,Unknown
PX447202,Unknown
PP974762,Unknown
MT568911,Unknown
KJ452220,Unknown
PP974791,Unknown
PP974823,Unknown
PP974822,Unknown
PP974729,Unknown
MT568910,Unknown
PP974821,Unknown
PP974737,Unknown
PP974736,Unknown
PX447120,Unknown
PX447163,Unknown
PP974820,Unknown
PP974819,Unknown
MT568909,Unknown
MT568908,Unknown
KJ452221,Unknown
PP974728,Unknown
MW619892,Unknown
MT568907,Unknown
KX822081,Unknown
PV091183,Unknown
PP974790,Unknown
PP974735,Unknown
KJ452234,Unknown
KJ467234,Unknown
PX447119,Unknown
PX447162,Unknown
PP974714,Unknown
MT568906,Unknown
PP974815,Unknown
PV352298,Unknown
PP974785,Unknown
PP974739,Unknown
PP974789,Unknown
PP974792,Unknown
PP974784,Unknown
PP974754,Unknown
PP974783,Unknown
PP974782,Unknown
PP974813,Unknown
PP974781,Unknown
KJ467238,Unknown
PX447182,Unknown
PX447196,Unknown
PP974814,Unknown
PP974780,Unknown
PP974779,Unknown
PP974778,Unknown
PP974777,Unknown
PP974776,Unknown
PX447118,Unknown
PX447161,Unknown
PP974727,Unknown
PX447184,Unknown
PX447198,Unknown
PP974775,Unknown
PP974774,Unknown
PP974770,Unknown
PP974768,Unknown
PP974818,Unknown
KX822080,Unknown
PV091182,Unknown
PX447185,Unknown
PX447199,Unknown
PX447117,Unknown
PX447160,Unknown
PP974817,Unknown
PP974718,Unknown
PX447116,Unknown
PX447159,Unknown
MT568905,Unknown
KJ452235,Unknown
KJ467233,Unknown
PP974726,Unknown
PX447115,Unknown
PX447158,Unknown
KJ452236,Unknown
KJ467232,Unknown
MT568904,Unknown
PP974717,Unknown
PP974758,Unknown
MT568903,Unknown
PX447114,Unknown
PX447157,Unknown
KX822079,Unknown
PV091188,Unknown
KC706453,Unknown
PP974725,Unknown
MT568902,Unknown
PX447097,Unknown
PX447140,Unknown
PP974721,Unknown
MT568901,Unknown
PX447177,Unknown
PX447191,Unknown
PX447113,Unknown
PX447156,Unknown
PP974712,Unknown
MT568900,Unknown
PP974788,Unknown
KJ452222,Unknown
KJ543728,Unknown
KJ543727,Unknown
KJ543726,Unknown
KX822078,Unknown
PV091181,Unknown
MT568880,Unknown
KJ467227,Unknown
KJ452239,Unknown
PX447112,Unknown
PX447155,Unknown
PP974812,Unknown
MT568899,Unknown
PX447178,Unknown
PX447192,Unknown
PX447111,Unknown
PX447154,Unknown
KJ452223,Unknown
KJ467236,Unknown
PV091224,Unknown
PP974711,Unknown
KJ452224,Unknown
PV091223,Unknown
MT568898,Unknown
KJ452225,Unknown
PP974769,Unknown
PP974787,Unknown
PP974773,Unknown
PP974772,Unknown
PV091222,Unknown
PP974710,Unknown
KJ452240,Unknown
KJ467231,Unknown
PX447096,Unknown
PX447139,Unknown
KJ452226,Unknown
PV091221,Unknown
PX447110,Unknown
PX447153,Unknown
KJ452227,Unknown
PV091220,Unknown
PV091219,Unknown
PP974744,Unknown
PP974759,Unknown
PV091218,Unknown
PX447091,Unknown
PX447134,Unknown
PP974743,Unknown
PV091217,Unknown
PP974809,Unknown
PP974808,Unknown
PV091216,Unknown
KX822077,Unknown
PV091180,Unknown
PP974716,Unknown
MT568879,Unknown
KC706451,Unknown
KJ467226,Unknown
PP974807,Unknown
PP974749,Unknown
PP974745,Unknown
KJ452228,Unknown
PP974742,Unknown
PP974741,Unknown
PV091215,Unknown
MT568897,Unknown
PX447109,Unknown
PX447152,Unknown
PV091214,Unknown
PP974756,Unknown
MT568896,Unknown
KC203456,Unknown
KJ452229,Unknown
KJ467235,Unknown
PV091213,Unknown
MT568895,Unknown
PP974786,Unknown
PV091212,Unknown
PP974755,Unknown
MT568894,Unknown
PX447108,Unknown
PX447151,Unknown
PV091211,Unknown
PP974760,Unknown
MT568893,Unknown
PX447181,Unknown
PX447195,Unknown
PV091210,Unknown
PP974709,Unknown
MT568892,Unknown
PX447180,Unknown
PX447194,Unknown
KJ452230,Unknown
PV091209,Unknown
PP974738,Unknown
MT568891,Unknown
KJ452241,Unknown
KJ467230,Unknown
PX447090,Unknown
PX447133,Unknown
PP974806,Unknown
PP974805,Unknown
PP974804,Unknown
PV091208,Unknown
MT568890,Unknown
PV091207,Unknown
PP974719,Unknown
PP974803,Unknown
PP974802,Unknown
PV091206,Unknown
KX822076,Unknown
PV091179,Unknown
KJ467225,Unknown
PX447175,Unknown
PX447189,Unknown
KJ467229,Unknown
PX447095,Unknown
PX447138,Unknown
PV091205,Unknown
KJ452242,Unknown
PP974801,Unknown
PP974816,Unknown
PV091204,Unknown
PP974708,Unknown
PV091203,Unknown
PP974707,Unknown
MT568889,Unknown
PP974810,Unknown
PV091202,Unknown
KJ452237,Unknown
KJ467228,Unknown
PP974800,Unknown
PP974799,Unknown
KJ452231,Unknown
PV091201,Unknown
PP974811,Unknown
PV091200,Unknown
MT568888,Unknown
PP974798,Unknown
PV091199,Unknown
PX447107,Unknown
PX447150,Unknown
KJ452232,Unknown
KJ452233,Unknown
PP974797,Unknown
PV091198,Unknown
LC718903,A
LC718902,A
LC718901,A
LC718900,A
LC718899,A
PV091197,Unknown
PP974706,Unknown
PX447186,Unknown
PX447200,Unknown
PP974796,Unknown
OQ029514,Unknown
OQ029520,Unknown
OQ029519,Unknown
OQ029524,Unknown
OQ029518,Unknown
OQ029523,Unknown
OQ029517,Unknown
OQ029516,Unknown
OQ029522,Unknown
OQ029515,Unknown
OQ029521,Unknown
KJ549652,Unknown
KJ549651,Unknown
KJ543725,Unknown
KJ543724,Unknown
PV091187,Unknown
KX822075,Unknown
KF921509,Unknown
KJ465992,Unknown
KY549221,A
PX447103,Unknown
PX447146,Unknown
PX447102,Unknown
PX447145,Unknown
PV091186,Unknown
KJ467237,Unknown
PX447131,Unknown
PX447174,Unknown
KY549220,A
PX447130,Unknown
PX447173,Unknown
PV091185,Unknown
PX447106,Unknown
PX447149,Unknown
PX447094,Unknown
PX447137,Unknown
KY549219,A
PX447101,Unknown
PX447144,Unknown
MW012745,Unknown
PX447100,Unknown
PX447143,Unknown
PX131895,Unknown
PX131894,Unknown
PX447093,Unknown
PX447136,Unknown
PV091196,Unknown
PP974715,Unknown
MT568887,Unknown
PX260199,Unknown
PX260198,Unknown
PX260197,Unknown
PX260196,Unknown
PX260195,Unknown
PX260194,Unknown
PX260193,Unknown
PX260192,Unknown
PX260191,Unknown
PX260190,Unknown
PX131893,Unknown
JX847355,Unknown
JX847354,Unknown
JX847353,Unknown
JX847352,Unknown
JX847351,Unknown
JX847350,Unknown
JX847349,Unknown
JX847348,Unknown
JX847347,Unknown
JX847346,Unknown
JX847345,Unknown
JX847344,Unknown
JX847343,Unknown
JX847342,Unknown
JX847341,Unknown
JX847340,Unknown
JX847339,Unknown
JX847338,Unknown
JX847337,Unknown
JX847336,Unknown
JX847335,Unknown
JX847334,Unknown
JX847333,Unknown
JX847332,Unknown
JX847331,Unknown
JX847330,Unknown
JX847329,Unknown
JX847328,Unknown
JX847327,Unknown
JX847326,Unknown
JX847325,Unknown
JX847324,Unknown
JX847323,Unknown
JX847322,Unknown
JX847321,Unknown
JX847320,Unknown
JX847319,Unknown
JX847318,Unknown
JX847317,Unknown
JX847316,Unknown
JX847315,Unknown
JX847314,Unknown
JX847313,Unknown
JX847312,Unknown
JX847311,Unknown
JX847310,Unknown
JX847309,Unknown
JX847308,Unknown
JX847307,Unknown
JX847306,Unknown
JX847305,Unknown
JX847304,Unknown
JX847303,Unknown
JX847302,Unknown
JX847301,Unknown
JX847300,Unknown
JX847299,Unknown
JX847298,Unknown
JX847297,Unknown
PP842752,Unknown
PP842751,Unknown
PP842750,Unknown
PP842749,Unknown
PP842748,Unknown
PP842747,Unknown
PP842746,Unknown
PP842745,Unknown
PP842744,Unknown
PP842743,Unknown
PP842742,Unknown
PP842741,Unknown
PP842740,Unknown
PP842739,Unknown
PP842738,Unknown
PP842737,Unknown
PP842736,Unknown
PP842735,Unknown
PP842734,Unknown
PP842733,Unknown
PP842732,Unknown
PP842731,Unknown
PP842730,Unknown
PP842729,Unknown
OP428972,Unknown
OP428971,Unknown
OP428970,Unknown
OP428969,Unknown
OP428968,Unknown
OP428967,Unknown
OP428966,Unknown
OP428965,Unknown
OP428964,Unknown
OP428963,Unknown
OP428962,Unknown
OP428961,Unknown
OP428960,Unknown
OP428959,Unknown
OP428958,Unknown
OP428957,Unknown
OP428956,Unknown
OP428955,Unknown
OP428954,Unknown
OQ659460,Unknown
OP428953,Unknown
OQ659459,Unknown
OP428952,Unknown
OQ659458,Unknown
OP428951,Unknown
OQ659457,Unknown
OP428950,Unknown
OQ659456,Unknown
OP428949,Unknown
OQ659455,Unknown
OP428948,Unknown
OQ659454,Unknown
OP428947,Unknown
OQ659453,Unknown
OP428946,Unknown
OQ659452,Unknown
OP428945,Unknown
OQ659451,Unknown
OP428944,Unknown
OQ659450,Unknown
OP428943,Unknown
OQ659449,Unknown
OP428942,Unknown
OQ659448,Unknown
OP428941,Unknown
OQ659447,Unknown
OP428940,Unknown
OQ659446,Unknown
OP428939,Unknown
OQ659445,Unknown
OP428938,Unknown
OQ659444,Unknown
OP428937,Unknown
OQ659443,Unknown
OP428936,Unknown
OQ659442,Unknown
OP428935,Unknown
OQ659441,Unknown
OP428934,Unknown
OQ659440,Unknown
OP428933,Unknown
OQ659439,Unknown
OP428932,Unknown
OQ659438,Unknown
OP428931,Unknown
OQ659437,Unknown
OP428930,Unknown
OQ659436,Unknown
OP428929,Unknown
OQ659435,Unknown
OP428928,Unknown
OQ659434,Unknown
OP428927,Unknown
OQ659433,Unknown
OP428926,Unknown
OQ659432,Unknown
OP428925,Unknown
OQ659431,Unknown
OP428924,Unknown
OQ659430,Unknown
OP428923,Unknown
OQ659429,Unknown
OP428922,Unknown
OQ659428,Unknown
OP428921,Unknown
OQ659427,Unknown
OP428920,Unknown
OQ659426,Unknown
OP428919,Unknown
OQ659425,Unknown
OP428918,Unknown
OQ659424,Unknown
OP428917,Unknown
OQ659423,Unknown
OP428916,Unknown
OQ659422,Unknown
OP428915,Unknown
OQ659421,Unknown
OP428914,Unknown
OQ659420,Unknown
OP428913,Unknown
OQ659419,Unknown
OP428912,Unknown
OQ659418,Unknown
OP428911,Unknown
OQ659417,Unknown
OP428910,Unknown
OQ659416,Unknown
OP428909,Unknown
MZ803044,Unknown
MZ803043,Unknown
MZ803042,Unknown
MZ803041,Unknown
MZ803040,Unknown
MZ803039,Unknown
MZ803036,Unknown
MZ803058,Unknown
MZ803038,Unknown
MZ803057,Unknown
MZ803056,Unknown
MZ803055,Unknown
MZ803054,Unknown
MZ803053,Unknown
MZ803052,Unknown
MZ803051,Unknown
MZ803050,Unknown
MZ803049,Unknown
MZ803048,Unknown
MZ803047,Unknown
MZ803046,Unknown
MZ803037,Unknown
MZ803045,Unknown
MT681329,Unknown
MT681328,Unknown
MT681327,Unknown
MT681326,Unknown
MT681325,Unknown
MT681324,Unknown
MT681323,Unknown
MT681322,Unknown
MT681321,Unknown
MT681320,Unknown
MT681319,Unknown
MT681318,Unknown
MT681317,Unknown
MT681316,Unknown
MT681315,Unknown
MT681314,Unknown
MT681313,Unknown
MT681312,Unknown
MT681311,Unknown
MT681310,Unknown
MT681309,Unknown
MT681308,Unknown
MT681307,Unknown
MT681306,Unknown
MT681305,Unknown
MT681304,Unknown
MT681303,Unknown
MT681302,Unknown
MT681301,Unknown
MT681300,Unknown
MT681299,Unknown
MT681298,Unknown
MT681297,Unknown
MT681296,Unknown
MT681295,Unknown
MT681294,Unknown
MT681293,Unknown
MT681292,Unknown
MT681291,Unknown
MT681290,Unknown
MT681289,Unknown
MT681288,Unknown
MT681287,Unknown
MT681286,Unknown
MT681285,Unknown
MT681284,Unknown
MT681283,Unknown
MT681282,Unknown
MT681281,Unknown
MT681280,Unknown
MT681279,Unknown
MT681278,Unknown
MT681277,Unknown
MT681276,Unknown
MT681275,Unknown
MT681274,Unknown
MT681273,Unknown
MT681272,Unknown
MT681271,Unknown
MT681270,Unknown
MT681269,Unknown
MT681268,Unknown
MT681267,Unknown
MT681266,Unknown
KU951195,Unknown
KU951242,Unknown
KU951194,Unknown
KU951241,Unknown
KU951193,Unknown
KU951240,Unknown
KU951192,Unknown
KU951239,Unknown
KU951191,Unknown
KU951238,Unknown
KU951190,Unknown
KU951237,Unknown
KU951189,Unknown
KU951236,Unknown
KU951188,Unknown
KU951235,Unknown
KU951187,Unknown
KU951234,Unknown
KU951186,Unknown
KU951233,Unknown
KU951185,Unknown
KU951232,Unknown
KU951184,Unknown
KU951231,Unknown
KU951183,Unknown
KU951230,Unknown
KU951182,Unknown
KU951229,Unknown
KU951181,Unknown
KU951228,Unknown
KU951180,Unknown
KU951227,Unknown
KU951179,Unknown
KU951226,Unknown
KU951178,Unknown
KU951225,Unknown
KU951177,Unknown
KU951223,Unknown
KU951176,Unknown
KU951222,Unknown
KU951175,Unknown
KU951221,Unknown
KU951174,Unknown
KU951220,Unknown
KU951173,Unknown
KU951219,Unknown
KU951172,Unknown
KU951218,Unknown
KU951171,Unknown
KU951224,Unknown
KU951170,Unknown
KU951217,Unknown
KU951169,Unknown
KU951216,Unknown
KU951168,Unknown
KU951215,Unknown
KU951167,Unknown
KU951214,Unknown
KU951166,Unknown
KU951213,Unknown
KU951165,Unknown
KU951212,Unknown
KU951164,Unknown
KU951211,Unknown
KU951163,Unknown
KU951210,Unknown
KU951162,Unknown
KU951209,Unknown
KU951161,Unknown
KU951208,Unknown
KU951160,Unknown
KU951207,Unknown
KU951159,Unknown
KU951206,Unknown
KU951158,Unknown
KU951205,Unknown
KU951157,Unknown
KU951204,Unknown
KU951156,Unknown
KU951203,Unknown
KU951155,Unknown
KU951202,Unknown
KU951154,Unknown
KU951201,Unknown
KU951153,Unknown
KU951200,Unknown
KU951152,Unknown
KU951199,Unknown
KU951151,Unknown
KU951198,Unknown
KU951150,Unknown
KU951197,Unknown
KU951149,Unknown
KU951196,Unknown
PX447129,Unknown
PX447172,Unknown
PX447104,Unknown
PX447147,Unknown
PP974795,Unknown
PX447128,Unknown
PX447171,Unknown
KY549218,A
KY549217,A
KY549216,A
PX131892,Unknown
KY549215,A
KY549214,A
KC935953,A
PV091195,Unknown
KJ452238,Unknown
PX447183,Unknown
PX447197,Unknown
PX131891,Unknown
PX131890,Unknown
KY549213,A
PX447127,Unknown
PX447170,Unknown
KY549212,A
PX447099,Unknown
PX447142,Unknown
KY549211,A
PX131889,Unknown
KU721788,Unknown
KY549210,A
KY549209,A
PX131888,Unknown
KY549208,A
PX131887,Unknown
PV091194,Unknown
MT568886,Unknown
KU721786,Unknown
PX447176,Unknown
PX447190,Unknown
KY549207,A
KC203455,Unknown
PX131886,Unknown
PP974753,Unknown
PX131885,Unknown
PV352297,Unknown
PV352296,Unknown
KY549206,A
KY549205,A
PP974794,Unknown
PX131884,Unknown
KY549204,A
KY549203,A
KY549202,A
PQ720440,Unknown
KC203454,Unknown
PX131883,Unknown
PV091184,Unknown
MT568885,Unknown
PX447089,Unknown
PX447132,Unknown
PX131881,Unknown
PX131882,Unknown
PX131880,Unknown
KY549201,A
PV352308,Unknown
KY549200,A
PV352307,Unknown
PP974793,Unknown
PV352306,Unknown
PP974752,Unknown
PX131879,Unknown
KY549199,A
PP974740,Unknown
PX131878,Unknown
PP974771,Unknown
KY549198,A
PP974767,Unknown
KY549197,A
KY549196,A
PP974751,Unknown
PX447126,Unknown
PX447169,Unknown
PX131877,Unknown
PX131876,Unknown
KY549195,A
KY549194,A
PV352305,Unknown
PX131875,Unknown
KY549193,A
PP974766,Unknown
PX131874,Unknown
KY549192,A
PP974765,Unknown
PV091193,Unknown
MT568884,Unknown
PP974757,Unknown
KY549191,A
KY549190,A
KY549189,A
PP974764,Unknown
PX447125,Unknown
PX447168,Unknown
MT568924,Unknown
PV352304,Unknown
KY549188,A
KY549187,A
PV091192,Unknown
PP974705,Unknown
PX447187,Unknown
PX447201,Unknown
PX131873,Unknown
PX447105,Unknown
PX447148,Unknown
PX131872,Unknown
KY549186,A
KY549185,A
KY549184,A
KY549183,A
PX447124,Unknown
PX447167,Unknown
KY549182,A
KY549181,A
KY549180,A
KY549179,A
KY549178,A
KY549177,A
PX131871,Unknown
KY549176,A
PX131870,Unknown
KY549175,A
KY549174,A
MT568923,Unknown
KY549173,A
KY549172,A
MT568922,Unknown
KY549171,A
KY549170,A
MT568921,Unknown
KY549169,A
PV352303,Unknown
KX822084,Unknown
PV091191,Unknown
PP974720,Unknown
MT568883,Unknown
PX131869,Unknown
KY549168,A
MT568920,Unknown
PX447179,Unknown
PX447193,Unknown
KY549167,A
PX447098,Unknown
PX447141,Unknown
PX131868,Unknown
KY549166,A
KY549165,A
KY549164,A
KY549163,A
KY549162,A
KY549161,A
MT568919,Unknown
PX447092,Unknown
PX447135,Unknown
KY549160,A
KY549159,A
KY549158,A
KY549157,A
PV352302,Unknown
KY549156,A
PP974732,Unknown
PX447123,Unknown
PX447166,Unknown
KJ543723,Unknown
PV352301,Unknown
PP974731,Unknown
PX131867,Unknown
KJ543722,Unknown
KJ549650,Unknown
PP974730,Unknown
KJ543721,Unknown
KJ543720,Unknown
PP974750,Unknown
MT568918,Unknown
KJ549649,Unknown
KJ543719,Unknown
KJ549648,Unknown
KJ543718,Unknown
KJ543717,Unknown
KJ543716,Unknown
KJ543715,Unknown
KJ549647,Unknown
KJ543714,Unknown
KJ549646,Unknown
KX822083,Unknown
KP019230,Unknown
KP019239,Unknown
KP019231,Unknown
KP019238,Unknown
KP019229,Unknown
PV091190,Unknown
PP974713,Unknown
MT568882,Unknown
KX758540,Unknown
PV091178,Unknown
MT568878,Unknown
KF921508,Unknown
KP019237,Unknown
GQ326913,Unknown
KP019228,Unknown
KP019236,Unknown
KP019235,Unknown
KP019234,Unknown
KP019233,Unknown
KP019232,Unknown
KP019227,Unknown
KP019226,Unknown
KP019225,Unknown
KP019224,Unknown
KP019223,Unknown
PP213026,Unknown
PP213025,Unknown
PP213024,Unknown
PV352300,Unknown
PP213023,Unknown
PP213022,Unknown
PP213021,Unknown
PP213020,Unknown
PP213018,Unknown
PP213019,Unknown
PP213017,Unknown
PP213016,Unknown
PP213015,Unknown
PP213014,Unknown
PP213013,Unknown
PP213012,Unknown
PP213011,Unknown
PP213010,Unknown
PP213009,Unknown
PP213008,Unknown
PP213007,Unknown
PP213006,Unknown
PP213003,Unknown
PP213004,Unknown
PP213005,Unknown
PP213001,Unknown
PP213002,Unknown
PP212998,Unknown
PP212999,Unknown
PP213000,Unknown
PP212997,Unknown
PP212996,Unknown
PP212995,Unknown
PV051168,A
PV051167,A
PV051166,A
PV051165,A
PV051164,A
PV051163,A
PV051162,A
PV051161,A
PV051160,A
PV051159,A
PV051158,A
PV051157,A
PV051156,A
PV051155,A
PV051154,A
PV051153,A
PV051152,A
PV051151,A
PV051150,A
PV051149,A
PV051148,A
PV051147,A
PV051146,A
PV051145,A
PV051144,A
PV051143,A
PV051142,A
PV051141,A
PV051140,A
PV051139,A
PV051138,A
PV051137,A
PV051136,A
PV051135,A
PV051134,A
PV051133,A
PV051132,A
PV051131,A
PV051130,A
PV051129,A
PV051128,A
PV051127,A
PV051126,A
PV051125,A
PV051124,A
PV051123,A
PV051122,A
PV051121,A
PV051120,A
PV051119,A
PV031881,Unknown
PV031882,Unknown
PV031883,Unknown
PV358396,Unknown
PV358398,Unknown
OR348819,Unknown
OR348820,Unknown
OR348821,Unknown
OR348822,Unknown
OR348823,Unknown
OR348824,Unknown
OR348825,Unknown
OR348826,Unknown
OR348827,Unknown
OR348828,Unknown
OR348829,Unknown
OR348830,Unknown
OR348831,Unknown
OR348832,Unknown
OR348833,Unknown
OR348834,Unknown
OR348835,Unknown
OR348836,Unknown
OR348837,Unknown
OR348838,Unknown
OR348839,Unknown
OR348840,Unknown
OR348841,Unknown
OR348842,Unknown
OR348843,Unknown
OR348844,Unknown
OR348845,Unknown
OR348846,Unknown
OR348847,Unknown
OR348848,Unknown
OR348849,Unknown
OR348850,Unknown
OR348851,Unknown
OR348852,Unknown
OR348853,Unknown
OR348854,Unknown
OR348855,Unknown
OR348856,Unknown
OR348857,Unknown
OR348858,Unknown
OR348859,Unknown
PP747176,Unknown
PP747181,Unknown
PP747182,Unknown
PP747185,Unknown
PP747187,Unknown
PP747189,Unknown
PP747190,Unknown
PP747191,Unknown
PP747193,Unknown
PP747194,Unknown
PP747195,Unknown
PP747196,Unknown
PP747197,Unknown
PP747199,Unknown
PP747200,Unknown
PP747201,Unknown
PP747202,Unknown
PP747204,Unknown
PP747205,Unknown
PP747206,Unknown
PP747208,Unknown
PP747209,Unknown
PP747210,Unknown
PP747221,Unknown
OQ918082,Unknown
OQ918083,Unknown
OQ918084,Unknown
OQ918085,Unknown
OQ918086,Unknown
OQ918087,Unknown
OQ918088,Unknown
OQ918089,Unknown
OQ918090,Unknown
OQ918091,Unknown
MZ380334,Unknown
MN163283,Unknown
MN163284,Unknown
MN163285,Unknown
MN163286,Unknown
MN163287,Unknown
MN163288,Unknown
MN163289,Unknown
MN163290,Unknown
MN163291,Unknown
MN163292,Unknown
MN163293,Unknown
MN163294,Unknown
MN163295,Unknown
MN163296,Unknown
MN163297,Unknown
MN163298,Unknown
MN163299,Unknown
MN163300,Unknown
MN163301,Unknown
MN163302,Unknown
MN163303,Unknown
MW320358,A
MN943490,Unknown
MN943491,Unknown
MN943492,Unknown
MN943493,Unknown
MN943494,Unknown
MN943495,Unknown
MT783409,Unknown
MT783410,Unknown
MN735457,Unknown
MN848167,Unknown
MN848168,Unknown
MN848169,Unknown
MN848170,Unknown
MN848171,Unknown
MN848172,Unknown
MN848173,Unknown
MN848174,Unknown
MN848175,Unknown
MN848176,Unknown
MN848177,Unknown
MN848178,Unknown
MN848179,Unknown
MN848180,Unknown
MN848181,Unknown
MN848182,Unknown
MN848183,Unknown
MN848184,Unknown
MN848185,Unknown
MN848186,Unknown
MN848187,Unknown
MN848188,Unknown
MN848189,Unknown
MN848190,Unknown
MN848191,Unknown
MN848192,Unknown
MN848193,Unknown
MN848194,Unknown
MN848195,Unknown
MN848196,Unknown
MN848197,Unknown
MN848198,Unknown
MN848199,Unknown
MN848200,Unknown
MN848201,Unknown
MN848202,Unknown
MN848203,Unknown
MN848204,Unknown
MN848205,Unknown
MN848206,Unknown
MN848207,Unknown
MN848208,Unknown
MN848209,Unknown
MN848210,Unknown
MN848211,Unknown
MN848212,Unknown
MN848213,Unknown
MN848214,Unknown
MN848215,Unknown
MN848216,Unknown
MN848217,Unknown
MN848218,Unknown
MN848219,Unknown
MN848220,Unknown
MN848221,Unknown
MN848222,Unknown
MN848223,Unknown
MN848224,Unknown
MN848225,Unknown
MN848226,Unknown
MN848227,Unknown
MN848228,Unknown
MN848229,Unknown
MN848230,Unknown
MN848231,Unknown
MN848232,Unknown
MN848233,Unknown
MN536713,Unknown
MH892050,A
KU199314,Unknown
KU199315,Unknown
KX827590,Unknown
KT020836,Unknown
KT020837,Unknown
KT020838,Unknown
KT020839,Unknown
KT020840,Unknown
KT020841,Unknown
KU158214,Unknown
KR732977,Unknown
JQ004092,A
JQ004093,A
JQ004094,A
JQ004095,A
JQ004096,A
JQ004097,A
JQ004098,A
JQ004099,A
JN565302,A
JN565303,A
JQ067943,A
JQ067944,A
JF944819,Unknown
JN381039,Unknown
JN381040,Unknown
JN381041,Unknown
JN381042,Unknown
JN381043,Unknown
JN381044,Unknown
JN381045,Unknown
JN381046,Unknown
JN381047,Unknown
JN381048,Unknown
JN381049,Unknown
JN381050,Unknown
JN381051,Unknown
JN381052,Unknown
JN381053,Unknown
JN381054,Unknown
JN381055,Unknown
JN381056,Unknown
JN381057,Unknown
JN381058,Unknown
JN381059,Unknown
JN381060,Unknown
JN381061,Unknown
JN381062,Unknown
JN381063,Unknown
JN381064,Unknown
JN381065,Unknown
JN381066,Unknown
JN381067,Unknown
GU447243,Unknown
GU447244,Unknown
GU447247,Unknown
GU447249,Unknown
GU447251,Unknown
GU447256,Unknown
GU447273,Unknown
GU447275,Unknown
GU447282,Unknown
GU447285,Unknown
GU447286,Unknown
FJ610146,A
FJ610147,A
FJ610148,B
FJ610149,B
FJ610150,C
FJ610151,D
FJ610152,D
GQ161253,Unknown
GQ161254,Unknown
GQ161257,Unknown
GQ161258,Unknown
GQ161267,Unknown
GQ161289,Unknown
GQ161293,Unknown
GQ161294,Unknown
GQ161297,Unknown
GQ161303,Unknown
GQ161314,Unknown
GQ161328,Unknown
GQ161335,Unknown
GQ161336,Unknown
GQ161338,Unknown
GQ161342,Unknown
GQ161359,Unknown
GQ161364,Unknown
GQ161371,Unknown
GQ161372,Unknown
GQ161374,Unknown
GQ161378,Unknown
GQ161387,Unknown
GQ161396,Unknown
GQ161397,Unknown
GQ161398,Unknown
GQ161402,Unknown
GQ161411,Unknown
GQ161415,Unknown
GQ161418,Unknown
GQ161419,Unknown
GQ161424,Unknown
GQ161429,Unknown
GQ161432,Unknown
GQ161433,Unknown
GQ161434,Unknown
GQ161436,Unknown
GQ161444,Unknown
GQ161450,Unknown
GQ161453,Unknown
GQ161462,Unknown
GQ161469,Unknown
GQ161483,Unknown
GQ161487,Unknown
GQ161488,Unknown
GQ161490,Unknown
GQ161492,Unknown
GQ161507,Unknown
GQ161517,Unknown
GQ161518,Unknown
GQ161519,Unknown
GQ161534,Unknown
GQ161544,Unknown
GQ161546,Unknown
GQ161549,Unknown
GQ161554,Unknown
GQ161555,Unknown
GQ161556,Unknown
GQ161567,Unknown
GQ161570,Unknown
GQ161572,Unknown
GQ161575,Unknown
GQ161577,Unknown
GQ161581,Unknown
GQ161589,Unknown
GQ161590,Unknown
GQ161593,Unknown
GQ161599,Unknown
GQ161601,Unknown
GQ161602,Unknown
GQ161604,Unknown
GQ161608,Unknown
GQ161613,Unknown
GQ161615,Unknown
GQ161616,Unknown
GQ161617,Unknown
GQ161618,Unknown
GQ161619,Unknown
GQ161620,Unknown
GQ161622,Unknown
GQ161623,Unknown
GQ161624,Unknown
GQ161625,Unknown
GQ161626,Unknown
GQ161627,Unknown
GQ161630,Unknown
GQ161633,Unknown
GQ161637,Unknown
GQ161638,Unknown
GQ161639,Unknown
GQ161642,Unknown
GQ161645,Unknown
GQ161646,Unknown
GQ161647,Unknown
GQ161653,Unknown
GQ161654,Unknown
GQ161656,Unknown
GQ161660,Unknown
GQ161661,Unknown
GQ161662,Unknown
GQ161663,Unknown
GQ161667,Unknown
GQ161675,Unknown
GQ161676,Unknown
GQ161681,Unknown
GQ161685,Unknown
GQ161689,Unknown
GQ161691,Unknown
GQ161700,Unknown
GQ161708,Unknown
GQ161711,Unknown
GQ161725,Unknown
GQ161733,Unknown
GQ161734,Unknown
GQ161735,Unknown
GQ161745,Unknown
GQ161751,Unknown
FJ797055,Unknown
FJ006723,A
EU779709,Unknown
EU779711,Unknown
EU779714,Unknown
EU779715,Unknown
EU779719,Unknown
EU779721,Unknown
EU779722,Unknown
EU779733,Unknown
EU779736,Unknown
EU779738,Unknown
EU779749,Unknown
EU779752,Unknown
EU779755,Unknown
