name,branch_length,is_terminal,n_descendants,terminal_mean,terminal_std,z_score,internal_mean,internal_std,flag
KY549190_2008_07_01,221.85556384508868,True,1,19.37448765096014,21.320464799851276,9.497029173376228,,,severe
OP728372_2018_07_01,174.80277583314984,True,1,19.37448765096014,21.320464799851276,7.290098487124629,,,severe
internal_139325123139856,100.38783031946377,False,5,,,7.169098009778877,10.012317824356023,12.60625986307241,severe
OP751587_2016_07_01,162.28987297269688,True,1,19.37448765096014,21.320464799851276,6.703202142325418,,,severe
OP751633_2016_07_01,155.57094318809865,True,1,19.37448765096014,21.320464799851276,6.3880622123251545,,,severe
internal_139325123137696,90.19793973344522,False,7,,,6.360778119763929,10.012317824356023,12.60625986307241,severe
internal_139325123138128,89.12437774711142,False,2,,,6.2756170967488005,10.012317824356023,12.60625986307241,severe
KX947283_2014_07_01,134.22733925281528,True,1,19.37448765096014,21.320464799851276,5.386976910684251,,,severe
internal_139325136031664,71.81543544023788,False,476,,,4.9025736647649225,10.012317824356023,12.60625986307241,severe
PX461754_2022_07_01,123.87432175098257,True,1,19.37448765096014,21.320464799851276,4.901386300956787,,,severe
internal_139325123140624,69.8158692031979,False,2,,,4.743956734861921,10.012317824356023,12.60625986307241,severe
internal_139325123140816,69.69264329724362,False,19,,,4.734181757406851,10.012317824356023,12.60625986307241,severe
internal_139325123137744,66.08477409524622,False,6,,,4.447985118500021,10.012317824356023,12.60625986307241,severe
internal_139325123140384,64.80674446295254,False,2,,,4.346604562635278,10.012317824356023,12.60625986307241,severe
internal_139325156673536,57.051410663334934,False,475,,,3.7314075189557845,10.012317824356023,12.60625986307241,severe
internal_139325129121408,55.42085179710182,False,5,,,3.6020623456891663,10.012317824356023,12.60625986307241,severe
internal_139325129128560,54.83032064804827,False,474,,,3.555218067095212,10.012317824356023,12.60625986307241,severe
internal_139325123140912,54.51278035592196,False,18,,,3.5300289709179644,10.012317824356023,12.60625986307241,severe
OP728374_2018_07_01,89.14301502963134,True,1,19.37448765096014,21.320464799851276,3.272373657592956,,,severe
OP728436_2018_07_01,86.64661326311982,True,1,19.37448765096014,21.320464799851276,3.1552841949594335,,,severe
internal_139325123134912,49.499748845572825,False,28,,,3.132366891538351,10.012317824356023,12.60625986307241,severe
internal_139325123137648,49.18318657918445,False,52,,,3.107255377907279,10.012317824356023,12.60625986307241,severe
internal_139325122211680,48.366029353473095,False,2,,,3.0424338341197315,10.012317824356023,12.60625986307241,severe
internal_139325123140528,47.64035299965403,False,3,,,2.984869071715872,10.012317824356023,12.60625986307241,warning
internal_139325123138320,46.566452807479294,False,45,,,2.8996812202960776,10.012317824356023,12.60625986307241,warning
EU918764_2007_08_15,79.79005052854836,True,1,19.37448765096014,21.320464799851276,2.8336888264279145,,,warning
OP728391_2018_07_01,75.77131372085393,True,1,19.37448765096014,21.320464799851276,2.645196837842259,,,warning
internal_139325123016992,41.896691259322196,False,9,,,2.5292492603904866,10.012317824356023,12.60625986307241,warning
internal_139325123140960,41.63466458398034,False,10,,,2.508463819015491,10.012317824356023,12.60625986307241,warning
PV051147_2024_07_01,71.64762618864876,True,1,19.37448765096014,21.320464799851276,2.451782314710759,,,warning
OP728382_2018_07_01,71.48841606681918,True,1,19.37448765096014,21.320464799851276,2.444314835773307,,,warning
HM057182_2007_03_15,69.42193556912106,True,1,19.37448765096014,21.320464799851276,2.347390096228579,,,warning
internal_139325123138464,39.31065388260345,False,15,,,2.324110114854225,10.012317824356023,12.60625986307241,warning
internal_139325123009216,39.0286082660441,False,2,,,2.301736657570075,10.012317824356023,12.60625986307241,warning
internal_139325123012864,38.76434029755963,False,4,,,2.280773424116622,10.012317824356023,12.60625986307241,warning
LC888270_2023_07_01,67.64078231355148,True,1,19.37448765096014,21.320464799851276,2.2638481438232074,,,warning
OP728430_2018_07_01,66.27508086191182,True,1,19.37448765096014,21.320464799851276,2.1997922489606716,,,warning
internal_139325123139664,37.46067426427396,False,2,,,2.1773592435867966,10.012317824356023,12.60625986307241,warning
internal_139325123138512,37.15505988011637,False,14,,,2.153116178040224,10.012317824356023,12.60625986307241,warning
internal_139325123138368,37.150541484667144,False,26,,,2.1527577532974136,10.012317824356023,12.60625986307241,warning
OP728424_2018_07_01,65.2207575378338,True,1,19.37448765096014,21.320464799851276,2.1503410135408245,,,warning
internal_139325123012624,35.81831231858408,False,3,,,2.047077783143413,10.012317824356023,12.60625986307241,warning
internal_139325123140336,34.15789911898679,False,5,,,1.9153643949035635,10.012317824356023,12.60625986307241,ok
internal_139325123137936,34.13002669268981,False,2,,,1.9131533960347693,10.012317824356023,12.60625986307241,ok
internal_139325123141920,33.700283188103725,False,2,,,1.879063704940511,10.012317824356023,12.60625986307241,ok
OP751646_2016_07_01,56.79852266272616,True,1,19.37448765096014,21.320464799851276,1.7553104664034844,,,ok
MZ447800_2018_11_15,56.53382774900396,True,1,19.37448765096014,21.320464799851276,1.742895403401479,,,ok
KX947275_2014_07_01,54.01854857972927,True,1,19.37448765096014,21.320464799851276,1.6249205284216315,,,ok
OP751635_2016_07_01,53.83783536710982,True,1,19.37448765096014,21.320464799851276,1.6164444837239234,,,ok
PV051145_2023_07_01,53.75586115292339,True,1,19.37448765096014,21.320464799851276,1.6125996231659583,,,ok
OP751641_2016_07_01,53.60843888686867,True,1,19.37448765096014,21.320464799851276,1.605685033477663,,,ok
OP751556_2016_07_01,53.60843888686867,True,1,19.37448765096014,21.320464799851276,1.605685033477663,,,ok
LC718898_2021_07_01,53.35261542975792,True,1,19.37448765096014,21.320464799851276,1.59368607100136,,,ok
OP728439_2018_07_01,52.528367213236606,True,1,19.37448765096014,21.320464799851276,1.5550261156833567,,,ok
internal_139325121650880,29.551816332339,False,2,,,1.5499837953698021,10.012317824356023,12.60625986307241,ok
KX947271_2014_07_01,52.15848528325054,True,1,19.37448765096014,21.320464799851276,1.5376774352742577,,,ok
KU684311_2011_07_01,51.604922257555415,True,1,19.37448765096014,21.320464799851276,1.5117135066783396,,,ok
OP728342_2018_07_01,51.434757514619264,True,1,19.37448765096014,21.320464799851276,1.5037322199412257,,,ok
internal_139325123011088,28.826086909721155,False,5,,,1.4924148232479655,10.012317824356023,12.60625986307241,ok
internal_139325121961984,28.781995607608792,False,7,,,1.488917251201119,10.012317824356023,12.60625986307241,ok
internal_139325123003360,28.491800166729547,False,2,,,1.4658973036487672,10.012317824356023,12.60625986307241,ok
internal_139325123139904,28.459060631413564,False,4,,,1.4633002180998735,10.012317824356023,12.60625986307241,ok
OP751644_2016_07_01,49.98868987107505,True,1,19.37448765096014,21.320464799851276,1.4359068860604045,,,ok
internal_139325123138608,28.07650822867835,False,10,,,1.432953992741167,10.012317824356023,12.60625986307241,ok
PV051141_2023_07_01,49.86614407792612,True,1,19.37448765096014,21.320464799851276,1.4301590848609773,,,ok
KU684313_2010_07_01,49.83679249239259,True,1,19.37448765096014,21.320464799851276,1.428782398854876,,,ok
LC786754_2021_07_01,49.58779928739017,True,1,19.37448765096014,21.320464799851276,1.4171037976921022,,,ok
internal_139325123009360,27.127595420611442,False,5,,,1.3576808492097883,10.012317824356023,12.60625986307241,ok
internal_139325123016176,26.986798929247584,False,2,,,1.346512073308516,10.012317824356023,12.60625986307241,ok
internal_139325123009984,26.821873031334434,False,3,,,1.3334292160848387,10.012317824356023,12.60625986307241,ok
OP728398_2018_07_01,47.692755521295624,True,1,19.37448765096014,21.320464799851276,1.3282200053412072,,,ok
PV012262_2024_01_15,47.47773045277316,True,1,19.37448765096014,21.320464799851276,1.3181346216246212,,,ok
internal_139325123015360,26.258111523219412,False,2,,,1.2887084571731133,10.012317824356023,12.60625986307241,ok
OP728422_2018_07_01,46.834580258599374,True,1,19.37448765096014,21.320464799851276,1.2879687598476175,,,ok
internal_139325123010608,25.922920261353482,False,2,,,1.2621191860088876,10.012317824356023,12.60625986307241,ok
OP728425_2018_07_01,45.997799582098054,True,1,19.37448765096014,21.320464799851276,1.2487209908915131,,,ok
OP728447_2018_07_01,45.34814651264696,True,1,19.37448765096014,21.320464799851276,1.2182501228522937,,,ok
OP728461_2018_07_01,45.116475392465475,True,1,19.37448765096014,21.320464799851276,1.207383984503232,,,ok
internal_139325123013200,25.04487950944953,False,73,,,1.1924680157616359,10.012317824356023,12.60625986307241,ok
OP971070_2016_07_29,44.66567936823452,True,1,19.37448765096014,21.320464799851276,1.186240166652033,,,ok
KU641509_2004_07_01,44.606299606159325,True,1,19.37448765096014,21.320464799851276,1.1834550602937697,,,ok
internal_139325123142160,24.759950493982075,False,2,,,1.1698658309294716,10.012317824356023,12.60625986307241,ok
internal_139325123012960,24.583307380632505,False,2,,,1.1558534977499049,10.012317824356023,12.60625986307241,ok
KU684314_2004_07_01,43.8381698409965,True,1,19.37448765096014,21.320464799851276,1.1474272451230523,,,ok
OP751609_2016_07_01,43.76373885996047,True,1,19.37448765096014,21.320464799851276,1.1439361870370883,,,ok
internal_139325123009072,24.16329106406033,False,2,,,1.1225354223544795,10.012317824356023,12.60625986307241,ok
internal_139325123012672,23.531788624748202,False,2,,,1.0724410687419546,10.012317824356023,12.60625986307241,ok
PV051120_2023_07_01,41.63464911407169,True,1,19.37448765096014,21.320464799851276,1.0440748676017058,,,ok
internal_139325123139376,23.098546313090722,False,2,,,1.0380738324352858,10.012317824356023,12.60625986307241,ok
OP728397_2018_07_01,41.33209103064645,True,1,19.37448765096014,21.320464799851276,1.029883897270358,,,ok
OP728432_2018_07_01,41.29656701278833,True,1,19.37448765096014,21.320464799851276,1.0282177038645568,,,ok
KX947285_2014_07_01,41.25858760659224,True,1,19.37448765096014,21.320464799851276,1.0264363446609643,,,ok
KX947284_2014_07_01,41.25858760659224,True,1,19.37448765096014,21.320464799851276,1.0264363446609643,,,ok
internal_139325123012912,22.841337719665944,False,3,,,1.017670588632719,10.012317824356023,12.60625986307241,ok
internal_139325123012192,22.421296003375687,False,2,,,0.9843504983876586,10.012317824356023,12.60625986307241,ok
internal_139325123008640,22.397881801939548,False,2,,,0.982493151189484,10.012317824356023,12.60625986307241,ok
internal_139325129121168,22.297839834556925,False,6,,,0.9745572551767676,10.012317824356023,12.60625986307241,ok
OP728419_2018_07_01,40.15213808134152,True,1,19.37448765096014,21.320464799851276,0.9745402187726374,,,ok
OP728420_2018_07_01,39.79944459388554,True,1,19.37448765096014,21.320464799851276,0.9579977329137719,,,ok
internal_139325123137312,21.92456911847654,False,3,,,0.9449473058234461,10.012317824356023,12.60625986307241,ok
PV051126_2023_07_01,39.45433334246579,True,1,19.37448765096014,21.320464799851276,0.9418108788906758,,,ok
internal_139325122943104,21.852483287134476,False,5,,,0.9392290490109535,10.012317824356023,12.60625986307241,ok
OP751645_2016_07_01,39.33346837925036,True,1,19.37448765096014,21.320464799851276,0.9361419141495193,,,ok
internal_139325123490448,21.800878821409015,False,26,,,0.9351354902325385,10.012317824356023,12.60625986307241,ok
KY549189_2008_07_01,39.22954991049659,True,1,19.37448765096014,21.320464799851276,0.9312677957975357,,,ok
internal_139325123134960,21.74693283551349,False,24,,,0.930856188799641,10.012317824356023,12.60625986307241,ok
OP728395_2018_07_01,38.805696036928055,True,1,19.37448765096014,21.320464799851276,0.9113876535235507,,,ok
OP728379_2018_07_01,38.805696036928055,True,1,19.37448765096014,21.320464799851276,0.9113876535235507,,,ok
internal_139325125402912,21.290485233755817,False,6,,,0.8946481773263294,10.012317824356023,12.60625986307241,ok
internal_139325123017856,21.237965567730782,False,24,,,0.8904820196716803,10.012317824356023,12.60625986307241,ok
OP728405_2018_07_01,38.34711955654974,True,1,19.37448765096014,21.320464799851276,0.8898789066607004,,,ok
OP728387_2018_07_01,38.175416459100475,True,1,19.37448765096014,21.320464799851276,0.8818254660316543,,,ok
OP728456_2018_07_01,38.128246093979044,True,1,19.37448765096014,21.320464799851276,0.879613020591827,,,ok
PV051166_2021_07_01,37.70144813517044,True,1,19.37448765096014,21.320464799851276,0.8595947910262322,,,ok
MK484705_2018_07_01,37.504449667189235,True,1,19.37448765096014,21.320464799851276,0.8503549142303671,,,ok
OP751607_2016_07_01,37.46438535137588,True,1,19.37448765096014,21.320464799851276,0.8484757659008414,,,ok
OP728388_2018_07_01,37.43582363446785,True,1,19.37448765096014,21.320464799851276,0.8471361273340392,,,ok
OP728402_2018_07_01,36.97630281414257,True,1,19.37448765096014,21.320464799851276,0.8255830878182925,,,ok
OP728429_2018_07_01,36.81478659333783,True,1,19.37448765096014,21.320464799851276,0.8180074452457221,,,ok
KU684316_2009_07_01,36.55227535358782,True,1,19.37448765096014,21.320464799851276,0.805694803743092,,,ok
internal_139325125409248,20.125179832766833,False,8,,,0.8022095465471464,10.012317824356023,12.60625986307241,ok
internal_139325123137216,20.120090909770823,False,4,,,0.8018058643248787,10.012317824356023,12.60625986307241,ok
MW320358_2017_06_15,36.460614050750834,True,1,19.37448765096014,21.320464799851276,0.801395586831197,,,ok
KY549225_2009_07_01,36.35048603885147,True,1,19.37448765096014,21.320464799851276,0.7962302204598161,,,ok
OP751569_2016_07_01,36.34849690515365,True,1,19.37448765096014,21.320464799851276,0.7961369235398619,,,ok
internal_139325121957328,19.96245601955718,False,2,,,0.7893013711662533,10.012317824356023,12.60625986307241,ok
internal_139325123013392,19.943858217061177,False,9,,,0.7878260880372356,10.012317824356023,12.60625986307241,ok
KY549278_2008_07_01,35.89050772812186,True,1,19.37448765096014,21.320464799851276,0.7746557231377493,,,ok
PV051158_2021_07_01,35.66257936423486,True,1,19.37448765096014,21.320464799851276,0.7639651323824955,,,ok
internal_139325123017664,19.57689543122467,False,2,,,0.758716519471903,10.012317824356023,12.60625986307241,ok
OP728435_2018_07_01,35.47077838006072,True,1,19.37448765096014,21.320464799851276,0.7549690346906913,,,ok
JQ004093_2010_07_01,35.14364239126695,True,1,19.37448765096014,21.320464799851276,0.7396252796710515,,,ok
OP751582_2016_07_01,35.00351527731766,True,1,19.37448765096014,21.320464799851276,0.7330528566369032,,,ok
PV051142_2023_07_01,34.7288145950418,True,1,19.37448765096014,21.320464799851276,0.7201684901442094,,,ok
internal_139325123009456,18.89413338629248,False,2,,,0.7045559633396112,10.012317824356023,12.60625986307241,ok
OP728369_2018_07_01,34.03601565746129,True,1,19.37448765096014,21.320464799851276,0.6876739388253592,,,ok
OP728412_2018_07_01,33.79258188512486,True,1,19.37448765096014,21.320464799851276,0.6762560933599016,,,ok
internal_139325128003168,18.409693669342047,False,53,,,0.6661274585957494,10.012317824356023,12.60625986307241,ok
internal_139325122951840,18.373876007388432,False,8,,,0.6632861985913816,10.012317824356023,12.60625986307241,ok
internal_139325127857776,18.30404254249794,False,2,,,0.6577466122549888,10.012317824356023,12.60625986307241,ok
OP728339_2018_07_01,33.22962463462966,True,1,19.37448765096014,21.320464799851276,0.6498515446889397,,,ok
internal_139325123011616,18.13557393414476,False,11,,,0.6443827271548033,10.012317824356023,12.60625986307241,ok
OP728411_2018_07_01,33.06871377787405,True,1,19.37448765096014,21.320464799851276,0.6423042956835273,,,ok
internal_139325123012336,18.09558324432095,False,2,,,0.6412104389219583,10.012317824356023,12.60625986307241,ok
internal_139325123142112,18.075454030124348,False,5,,,0.6396136755349393,10.012317824356023,12.60625986307241,ok
internal_139325121967552,17.96421986752182,False,2,,,0.6307899511463626,10.012317824356023,12.60625986307241,ok
internal_139325123139520,17.813338068233065,False,2,,,0.6188211514446578,10.012317824356023,12.60625986307241,ok
PV051152_2021_07_01,32.40284548265214,True,1,19.37448765096014,21.320464799851276,0.6110728801645487,,,ok
internal_139325123003600,17.669496855963246,False,16,,,0.607410851019932,10.012317824356023,12.60625986307241,ok
internal_139325122940992,17.66537476951281,False,25,,,0.6070838637536682,10.012317824356023,12.60625986307241,ok
internal_139325123142064,17.607001399415196,False,6,,,0.6024533571060458,10.012317824356023,12.60625986307241,ok
internal_139325127852256,17.461108952287674,False,4,,,0.5908803411035051,10.012317824356023,12.60625986307241,ok
OP751636_2016_07_01,31.89297930591175,True,1,19.37448765096014,21.320464799851276,0.5871584776631574,,,ok
OP751605_2016_07_01,31.854246909229857,True,1,19.37448765096014,21.320464799851276,0.5853418007264444,,,ok
OP751658_2016_07_01,31.79395923372877,True,1,19.37448765096014,21.320464799851276,0.5825141102390631,,,ok
internal_139325123141872,17.35169634455474,False,8,,,0.5822011127739799,10.012317824356023,12.60625986307241,ok
internal_139325125400080,17.13381445320391,False,2,,,0.5649174859316465,10.012317824356023,12.60625986307241,ok
internal_139325122199632,17.018208638674196,False,38,,,0.5557469773283485,10.012317824356023,12.60625986307241,ok
KP212155_2011_07_04,31.149938166850205,True,1,19.37448765096014,21.320464799851276,0.5523074016647238,,,ok
OP751565_2016_07_01,31.070091126477962,True,1,19.37448765096014,21.320464799851276,0.5485623125626888,,,ok
OP728390_2018_07_01,30.99877469738277,True,1,19.37448765096014,21.320464799851276,0.5452173372178882,,,ok
KY883659_2016_07_01,30.822747550841143,True,1,19.37448765096014,21.320464799851276,0.5369610844488184,,,ok
internal_139325123136544,16.773532159321633,False,2,,,0.5363378518613022,10.012317824356023,12.60625986307241,ok
KX947276_2014_07_01,30.789107423247373,True,1,19.37448765096014,21.320464799851276,0.5353832516994121,,,ok
OP751653_2016_07_01,30.665088517261893,True,1,19.37448765096014,21.320464799851276,0.5295663566575017,,,ok
OP728385_2018_07_01,30.56236937864891,True,1,19.37448765096014,21.320464799851276,0.5247484908380989,,,ok
internal_139325123137360,16.173080213225433,False,2,,,0.4887065994027433,10.012317824356023,12.60625986307241,ok
internal_139325123141008,15.897303504723666,False,7,,,0.46683042744553965,10.012317824356023,12.60625986307241,ok
internal_139325122705120,15.83751181112919,False,81,,,0.462087411337358,10.012317824356023,12.60625986307241,ok
internal_139325123004896,15.794381561806063,False,2,,,0.4586660754461736,10.012317824356023,12.60625986307241,ok
OP728384_2018_07_01,29.14617097858536,True,1,19.37448765096014,21.320464799851276,0.4583241228255672,,,ok
OP728367_2018_07_01,28.94884073960023,True,1,19.37448765096014,21.320464799851276,0.44906868487721124,,,ok
internal_139325125409584,15.587932215689378,False,4,,,0.44228934290542704,10.012317824356023,12.60625986307241,ok
internal_139325123142304,15.580169958372323,False,3,,,0.44167359664909356,10.012317824356023,12.60625986307241,ok
internal_139325121961888,15.450457708502483,False,2,,,0.4313840856221309,10.012317824356023,12.60625986307241,ok
internal_139325123134384,15.445411656669592,False,2,,,0.43098380418356774,10.012317824356023,12.60625986307241,ok
internal_139325123011184,15.37530300126673,False,4,,,0.4254223881756182,10.012317824356023,12.60625986307241,ok
OP728451_2018_07_01,28.428046311281378,True,1,19.37448765096014,21.320464799851276,0.4246417113938525,,,ok
internal_139325123015072,15.310434566254173,False,2,,,0.4202766561569903,10.012317824356023,12.60625986307241,ok
OP728449_2018_07_01,28.012590646055116,True,1,19.37448765096014,21.320464799851276,0.4051554727435038,,,ok
OP728452_2018_07_01,28.012590646055116,True,1,19.37448765096014,21.320464799851276,0.4051554727435038,,,ok
internal_139325125406656,15.107549926073034,False,2,,,0.4041826963001536,10.012317824356023,12.60625986307241,ok
KY549218_2009_07_01,27.941948040572072,True,1,19.37448765096014,21.320464799851276,0.40184210194478004,,,ok
internal_139325123011664,15.050453735392352,False,9,,,0.39965350276449324,10.012317824356023,12.60625986307241,ok
OP751630_2016_07_01,27.795656634881396,True,1,19.37448765096014,21.320464799851276,0.39498055333108867,,,ok
internal_139325121655200,14.89564411757732,False,5,,,0.3873731262296165,10.012317824356023,12.60625986307241,ok
internal_139325123017808,14.798757868578988,False,25,,,0.37968755968960405,10.012317824356023,12.60625986307241,ok
OP728441_2018_07_01,27.378303545725828,True,1,19.37448765096014,21.320464799851276,0.3754053192508973,,,ok
internal_139325123490304,14.62636391850765,False,49,,,0.3660122942307083,10.012317824356023,12.60625986307241,ok
FJ006723_2006_12_16,27.093220485435268,True,1,19.37448765096014,21.320464799851276,0.3620339850437487,,,ok
OP728393_2018_07_01,27.05869250356011,True,1,19.37448765096014,21.320464799851276,0.36041450900514943,,,ok
OP728406_2018_07_01,27.045442940434327,True,1,19.37448765096014,21.320464799851276,0.3597930608683398,,,ok
OP728410_2018_07_01,27.045442940434327,True,1,19.37448765096014,21.320464799851276,0.3597930608683398,,,ok
OP728351_2018_07_01,26.777909440608624,True,1,19.37448765096014,21.320464799851276,0.3472448588316014,,,ok
PX461752_2022_07_01,26.727668158366782,True,1,19.37448765096014,21.320464799851276,0.34488837726736304,,,ok
LC718903_2021_07_01,26.68500942184221,True,1,19.37448765096014,21.320464799851276,0.34288754206395466,,,ok
LC888269_2023_07_01,26.603551616384195,True,1,19.37448765096014,21.320464799851276,0.3390669027757069,,,ok
OP751585_2016_07_01,26.52901659595784,True,1,19.37448765096014,21.320464799851276,0.33557096489977123,,,ok
OP751573_2016_07_01,26.52901659595784,True,1,19.37448765096014,21.320464799851276,0.33557096489977123,,,ok
internal_139325123015216,14.144469736605387,False,19,,,0.32778571575806564,10.012317824356023,12.60625986307241,ok
OP751659_2016_07_01,26.359998152141372,True,1,19.37448765096014,21.320464799851276,0.3276434433657356,,,ok
OP751557_2016_07_01,26.359998152141372,True,1,19.37448765096014,21.320464799851276,0.3276434433657356,,,ok
OP751593_2016_07_01,26.05984374788477,True,1,19.37448765096014,21.320464799851276,0.3135652135018775,,,ok
internal_139325123014784,13.827981565730042,False,2,,,0.3026800798031512,10.012317824356023,12.60625986307241,ok
KC935953_2012_07_01,25.690858821835093,True,1,19.37448765096014,21.320464799851276,0.29625860553091754,,,ok
internal_139325129122080,13.642359443829449,False,4,,,0.28795548076134203,10.012317824356023,12.60625986307241,ok
internal_139325123010272,13.6401929659214,False,2,,,0.2877836234514357,10.012317824356023,12.60625986307241,ok
OP728399_2018_07_01,25.426346678805743,True,1,19.37448765096014,21.320464799851276,0.28385211507620683,,,ok
KX947272_2014_07_01,25.40284548265214,True,1,19.37448765096014,21.320464799851276,0.2827498315953248,,,ok
FJ610151_2008_07_01,25.247288408817553,True,1,19.37448765096014,21.320464799851276,0.2754536926370563,,,ok
internal_139325141474896,13.448904530995208,False,2,,,0.2726095403368606,10.012317824356023,12.60625986307241,ok
OP751642_2016_07_01,25.06006985216402,True,1,19.37448765096014,21.320464799851276,0.2666725258843109,,,ok
OP728380_2018_07_01,24.99672798192171,True,1,19.37448765096014,21.320464799851276,0.26370158360716345,,,ok
internal_139325121968752,13.28285325558548,False,11,,,0.259437411790142,10.012317824356023,12.60625986307241,ok
KX947281_2014_07_01,24.799113833829253,True,1,19.37448765096014,21.320464799851276,0.2544328293868599,,,ok
PV051132_2024_07_01,24.79491142820271,True,1,19.37448765096014,21.320464799851276,0.2542357227259126,,,ok
internal_139325123140288,13.199875225897017,False,6,,,0.2528551240545441,10.012317824356023,12.60625986307241,ok
internal_139325123016752,13.159697962675097,False,2,,,0.2496680357620354,10.012317824356023,12.60625986307241,ok
OP751590_2016_07_01,24.68650571377384,True,1,19.37448765096014,21.320464799851276,0.2491511377768253,,,ok
OP751680_2016_07_01,24.564661902122424,True,1,19.37448765096014,21.320464799851276,0.2434362618210128,,,ok
OP751580_2016_07_01,24.564661902122424,True,1,19.37448765096014,21.320464799851276,0.2434362618210128,,,ok
KX947270_2014_07_01,24.56313359529122,True,1,19.37448765096014,21.320464799851276,0.24336457919844565,,,ok
OP751567_2016_07_01,24.517218583947567,True,1,19.37448765096014,21.320464799851276,0.24121101398424016,,,ok
PV051133_2024_07_01,24.511425932310033,True,1,19.37448765096014,21.320464799851276,0.24093931954924946,,,ok
OP751649_2016_07_01,24.48636497177762,True,1,19.37448765096014,21.320464799851276,0.2397638779832387,,,ok
OP751568_2016_07_01,24.48636497177762,True,1,19.37448765096014,21.320464799851276,0.2397638779832387,,,ok
internal_139325123142400,12.96469172062379,False,2,,,0.2341990351092296,10.012317824356023,12.60625986307241,ok
KU684312_2011_07_01,24.35891216662509,True,1,19.37448765096014,21.320464799851276,0.23378592176375618,,,ok
internal_139325123008592,12.897019594858136,False,7,,,0.22883089844532611,10.012317824356023,12.60625986307241,ok
OP728433_2018_07_01,24.242386985615724,True,1,19.37448765096014,21.320464799851276,0.22832050709745969,,,ok
OP728426_2018_07_01,24.242386985615724,True,1,19.37448765096014,21.320464799851276,0.22832050709745969,,,ok
OP728421_2018_07_01,24.156561408912495,True,1,19.37448765096014,21.320464799851276,0.22429500495625743,,,ok
internal_139325123013440,12.773248820116862,False,2,,,0.21901269890909122,10.012317824356023,12.60625986307241,ok
OP728394_2018_07_01,24.008415270381306,True,1,19.37448765096014,21.320464799851276,0.21734646326535478,,,ok
internal_139325122694416,12.674713958406556,False,3,,,0.21119635506241674,10.012317824356023,12.60625986307241,ok
PV051127_2020_07_01,23.811521344669245,True,1,19.37448765096014,21.320464799851276,0.2081114898461339,,,ok
OP728408_2018_07_01,23.767098746786246,True,1,19.37448765096014,21.320464799851276,0.20602792373723233,,,ok
OP728401_2018_07_01,23.651786356700313,True,1,19.37448765096014,21.320464799851276,0.20061939295854417,,,ok
internal_139325123008256,12.537909217030858,False,2,,,0.2003442274003144,10.012317824356023,12.60625986307241,ok
OP728434_2018_07_01,23.588522213349336,True,1,19.37448765096014,21.320464799851276,0.19765209632852798,,,ok
internal_139325127858976,12.423164319936546,False,4,,,0.19124201164872304,10.012317824356023,12.60625986307241,ok
OP728349_2018_07_01,23.38739330730931,True,1,19.37448765096014,21.320464799851276,0.18821848838760594,,,ok
internal_139325122200064,12.326597397799048,False,14,,,0.18358177592564612,10.012317824356023,12.60625986307241,ok
LC786760_2022_07_01,23.219205898716496,True,1,19.37448765096014,21.320464799851276,0.18032994514187017,,,ok
KY549266_2009_07_01,23.057941869800544,True,1,19.37448765096014,21.320464799851276,0.17276613119926434,,,ok
internal_139325123007008,12.161337256541884,False,3,,,0.17047240462502256,10.012317824356023,12.60625986307241,ok
internal_139325123005232,12.129556052408702,False,35,,,0.16795133933853906,10.012317824356023,12.60625986307241,ok
KY549231_2008_07_01,22.66395671283877,True,1,19.37448765096014,21.320464799851276,0.154286930081448,,,ok
internal_139325123492800,11.956981961535547,False,11,,,0.15426178408998534,10.012317824356023,12.60625986307241,ok
PV051136_2023_07_01,22.57270527718734,True,1,19.37448765096014,21.320464799851276,0.15000693729010575,,,ok
internal_139325123014496,11.864524789881116,False,2,,,0.14692755707430513,10.012317824356023,12.60625986307241,ok
internal_139325122199680,11.855654503949495,False,104,,,0.14622391570660612,10.012317824356023,12.60625986307241,ok
OP751563_2016_07_01,22.48209330015834,True,1,19.37448765096014,21.320464799851276,0.1457569372136707,,,ok
OP751575_2016_07_01,22.48209330015834,True,1,19.37448765096014,21.320464799851276,0.1457569372136707,,,ok
internal_139325123015600,11.79819483137095,False,8,,,0.14166588872614838,10.012317824356023,12.60625986307241,ok
internal_139325125401616,11.79406613333434,False,2,,,0.14133837699138685,10.012317824356023,12.60625986307241,ok
OP728423_2018_07_01,22.287644390158846,True,1,19.37448765096014,21.320464799851276,0.13663664308195692,,,ok
OP728360_2018_07_01,22.256273168952646,True,1,19.37448765096014,21.320464799851276,0.13516522951284848,,,ok
OP728418_2018_07_01,22.256273168952646,True,1,19.37448765096014,21.320464799851276,0.13516522951284848,,,ok
internal_139325123002976,11.691075099730142,False,2,,,0.13316854432706982,10.012317824356023,12.60625986307241,ok
OP751586_2016_07_01,22.157938757516405,True,1,19.37448765096014,21.320464799851276,0.1305530218354189,,,ok
internal_139325122940896,11.64167006293323,False,2,,,0.12924945672031382,10.012317824356023,12.60625986307241,ok
internal_139325123138416,11.58446543180574,False,20,,,0.1247116610736399,10.012317824356023,12.60625986307241,ok
OP751640_2016_07_01,22.009792618985216,True,1,19.37448765096014,21.320464799851276,0.12360448014451626,,,ok
internal_139325121655104,11.45321386335732,False,2,,,0.11430004257028858,10.012317824356023,12.60625986307241,ok
internal_139325123135008,11.439274304501794,False,21,,,0.1131942777354418,10.012317824356023,12.60625986307241,ok
OP751615_2016_07_01,21.653163705304223,True,1,19.37448765096014,21.320464799851276,0.10687740983770566,,,ok
JN565303_2001_07_01,21.632946512832632,True,1,19.37448765096014,21.320464799851276,0.10592915694259372,,,ok
internal_139325122206688,11.327333047099017,False,2,,,0.10431446257863336,10.012317824356023,12.60625986307241,ok
OP751675_2016_07_01,21.589899561953246,True,1,19.37448765096014,21.320464799851276,0.10391011320768948,,,ok
internal_139325123014928,11.273112282592834,False,2,,,0.10001336414855792,10.012317824356023,12.60625986307241,ok
internal_139325121654816,11.257279402458835,False,2,,,0.09875741033624771,10.012317824356023,12.60625986307241,ok
KY549176_2008_07_01,21.463968448447446,True,1,19.37448765096014,21.320464799851276,0.09800352933684073,,,ok
internal_139325127856816,11.218766011335674,False,2,,,0.0957023098114697,10.012317824356023,12.60625986307241,ok
LC888272_2024_07_01,21.407152846865245,True,1,19.37448765096014,21.320464799851276,0.09533869054858891,,,ok
OP728357_2018_07_01,21.375480023958175,True,1,19.37448765096014,21.320464799851276,0.09385313086664004,,,ok
PV051129_2023_07_01,21.369243702085498,True,1,19.37448765096014,21.320464799851276,0.09356062683676913,,,ok
OP751632_2016_07_01,21.354420566694756,True,1,19.37448765096014,21.320464799851276,0.09286537297950588,,,ok
OP751626_2016_07_01,21.354420566694756,True,1,19.37448765096014,21.320464799851276,0.09286537297950588,,,ok
internal_139325122214176,11.180281074848892,False,2,,,0.09264946646976484,10.012317824356023,12.60625986307241,ok
KY549208_2009_07_01,21.338084682708683,True,1,19.37448765096014,21.320464799851276,0.09209916623216577,,,ok
PV051151_2021_07_01,21.33008655105104,True,1,19.37448765096014,21.320464799851276,0.09172402752235212,,,ok
internal_139325127858736,11.160174772238804,False,5,,,0.09105452055967886,10.012317824356023,12.60625986307241,ok
LC718900_2021_07_01,21.31089600449411,True,1,19.37448765096014,21.320464799851276,0.09082392770102639,,,ok
internal_139325123014304,11.080459735004183,False,4,,,0.08473107188414182,10.012317824356023,12.60625986307241,ok
OP728364_2018_07_01,21.157623759696037,True,1,19.37448765096014,21.320464799851276,0.08363495474771893,,,ok
internal_139325123006816,10.981494894606485,False,2,,,0.07688061969033953,10.012317824356023,12.60625986307241,ok
OP728373_2018_07_01,21.00664723566507,True,1,19.37448765096014,21.320464799851276,0.07655365865740013,,,ok
OP728413_2018_07_01,21.00664723566507,True,1,19.37448765096014,21.320464799851276,0.07655365865740013,,,ok
internal_139325128003216,10.962346043603773,False,2,,,0.07536162426975454,10.012317824356023,12.60625986307241,ok
internal_139325123138656,10.938973217875613,False,8,,,0.0735075592273048,10.012317824356023,12.60625986307241,ok
OP728344_2018_07_01,20.921190464993828,True,1,19.37448765096014,21.320464799851276,0.0725454547334482,,,ok
OP728453_2018_07_01,20.921190464993828,True,1,19.37448765096014,21.320464799851276,0.0725454547334482,,,ok
internal_139325122938400,10.902801139723493,False,3,,,0.07063818492080814,10.012317824356023,12.60625986307241,ok
internal_139325123140048,10.890948098027508,False,2,,,0.069697934455981,10.012317824356023,12.60625986307241,ok
OP751562_2016_07_01,20.726686865578813,True,1,19.37448765096014,21.320464799851276,0.06342259548807323,,,ok
internal_139325123018576,10.809689032162112,False,11,,,0.06325200467601283,10.012317824356023,12.60625986307241,ok
internal_139325123139088,10.79547323835672,False,3,,,0.062124327318906006,10.012317824356023,12.60625986307241,ok
OP728454_2018_07_01,20.670066089767374,True,1,19.37448765096014,21.320464799851276,0.06076689466996379,,,ok
OP728386_2018_07_01,20.665059988892764,True,1,19.37448765096014,21.320464799851276,0.0605320920555928,,,ok
KX947278_2014_07_01,20.662099936015522,True,1,19.37448765096014,21.320464799851276,0.06039325582922391,,,ok
KX947282_2014_07_01,20.662099936015522,True,1,19.37448765096014,21.320464799851276,0.06039325582922391,,,ok
internal_139325125399024,10.699358424804885,False,5,,,0.054499955411946875,10.012317824356023,12.60625986307241,ok
internal_139325123013248,10.6795060193229,False,48,,,0.052925150061460806,10.012317824356023,12.60625986307241,ok
PV051146_2024_07_01,20.48636760616361,True,1,19.37448765096014,21.320464799851276,0.05215083093363078,,,ok
internal_139325122937824,10.65383575763289,False,4,,,0.050888839373847104,10.012317824356023,12.60625986307241,ok
internal_139325128001440,10.56075126952689,False,24,,,0.043504850060833336,10.012317824356023,12.60625986307241,ok
internal_139325122695136,10.556987191974471,False,5,,,0.04320626208999162,10.012317824356023,12.60625986307241,ok
PV051119_2021_07_01,20.19442808274448,True,1,19.37448765096014,21.320464799851276,0.03845790602979999,,,ok
OP728356_2018_07_01,20.15008068416381,True,1,19.37448765096014,21.320464799851276,0.03637786701578288,,,ok
OP728427_2018_07_01,20.1257307311663,True,1,19.37448765096014,21.320464799851276,0.03523577404426001,,,ok
OP728442_2018_07_01,20.1257307311663,True,1,19.37448765096014,21.320464799851276,0.03523577404426001,,,ok
internal_139325122705168,10.444030530196557,False,111,,,0.03424589930159636,10.012317824356023,12.60625986307241,ok
KY549180_2008_07_01,20.09244492947164,True,1,19.37448765096014,21.320464799851276,0.03367456034619408,,,ok
KY549159_2008_07_01,20.09244492947164,True,1,19.37448765096014,21.320464799851276,0.03367456034619408,,,ok
internal_139325121960112,10.43133856186094,False,3,,,0.033239100419653986,10.012317824356023,12.60625986307241,ok
JN565302_2001_07_01,19.987691614963595,True,1,19.37448765096014,21.320464799851276,0.02876128497947807,,,ok
internal_139325123015264,10.355105932039663,False,3,,,0.0271918960426773,10.012317824356023,12.60625986307241,ok
internal_139325128002352,10.29758487615942,False,214,,,0.0226289997907334,10.012317824356023,12.60625986307241,ok
OP751574_2016_07_01,19.850705227260107,True,1,19.37448765096014,21.320464799851276,0.02233617234757884,,,ok
KY549201_2008_07_01,19.78413208433733,True,1,19.37448765096014,21.320464799851276,0.019213672742258697,,,ok
LC786758_2021_07_01,19.77281445470068,True,1,19.37448765096014,21.320464799851276,0.018682838647275487,,,ok
internal_139325123016032,10.246451808923808,False,2,,,0.018572835012995052,10.012317824356023,12.60625986307241,ok
internal_139325123008928,10.18730893757612,False,2,,,0.013881287163744675,10.012317824356023,12.60625986307241,ok
internal_139325127856960,10.138190501830934,False,4,,,0.009984934377216086,10.012317824356023,12.60625986307241,ok
internal_139325122693024,10.112038413738532,False,2,,,0.007910402487784716,10.012317824356023,12.60625986307241,ok
PV051138_2024_07_01,19.393085151419598,True,1,19.37448765096014,21.320464799851276,0.0008722840066594828,,,ok
KY549217_2009_07_01,19.383593081253593,True,1,19.37448765096014,21.320464799851276,0.00042707466178297667,,,ok
LC786753_2021_07_01,19.32607787079391,True,1,19.37448765096014,21.320464799851276,-0.0022705780863918703,,,ok
OP728417_2018_07_01,19.21740784473991,True,1,19.37448765096014,21.320464799851276,-0.00736756012098419,,,ok
OP728431_2018_07_01,19.21740784473991,True,1,19.37448765096014,21.320464799851276,-0.00736756012098419,,,ok
OP728415_2018_07_01,19.178492238400793,True,1,19.37448765096014,21.320464799851276,-0.00919283019386686,,,ok
OP728458_2018_07_01,19.178492238400793,True,1,19.37448765096014,21.320464799851276,-0.00919283019386686,,,ok
internal_139325123011568,9.794265294645484,False,14,,,-0.017297162844412024,10.012317824356023,12.60625986307241,ok
PV051167_2021_07_01,18.908715247002306,True,1,19.37448765096014,21.320464799851276,-0.021846259372407514,,,ok
internal_139325122695088,9.706732511016384,False,4,,,-0.024240759484483752,10.012317824356023,12.60625986307241,ok
KX947269_2014_07_01,18.80928421888777,True,1,19.37448765096014,21.320464799851276,-0.026509901982827107,,,ok
internal_139325128002832,9.654593331739548,False,103,,,-0.028376734773202583,10.012317824356023,12.60625986307241,ok
OP728363_2018_07_01,18.706578350764488,True,1,19.37448765096014,21.320464799851276,-0.031327145372567686,,,ok
OP728448_2018_07_01,18.697844588767794,True,1,19.37448765096014,21.320464799851276,-0.03173678756745808,,,ok
PV051130_2023_07_01,18.694283333787382,True,1,19.37448765096014,21.320464799851276,-0.031903822152015364,,,ok
internal_139325123011952,9.608258859398745,False,2,,,-0.03205224779959438,10.012317824356023,12.60625986307241,ok
OP751564_2016_07_01,18.671443438371284,True,1,19.37448765096014,21.320464799851276,-0.032975088450874726,,,ok
OP751613_2016_07_01,18.624110317762415,True,1,19.37448765096014,21.320464799851276,-0.03519516765896023,,,ok
OP751612_2016_07_01,18.624110317762415,True,1,19.37448765096014,21.320464799851276,-0.03519516765896023,,,ok
OP751577_2016_07_01,18.46538217702431,True,1,19.37448765096014,21.320464799851276,-0.0426400400962259,,,ok
internal_139325123135776,9.458989461701776,False,3,,,-0.04389314266597936,10.012317824356023,12.60625986307241,ok
OP751682_2016_07_01,18.406064939331657,True,1,19.37448765096014,21.320464799851276,-0.04542221385507692,,,ok
KY549243_2008_07_01,18.384970429857503,True,1,19.37448765096014,21.320464799851276,-0.046411615806309266,,,ok
internal_139325123136832,9.401837083072337,False,2,,,-0.04842679334827697,10.012317824356023,12.60625986307241,ok
OP728350_2018_07_01,18.324058607557504,True,1,19.37448765096014,21.320464799851276,-0.04926858083365822,,,ok
OP728362_2018_07_01,18.324058607557504,True,1,19.37448765096014,21.320464799851276,-0.04926858083365822,,,ok
OP728389_2018_07_01,18.308917620459,True,1,19.37448765096014,21.320464799851276,-0.04997874298259085,,,ok
PV051153_2021_07_01,18.300337084348143,True,1,19.37448765096014,21.320464799851276,-0.05038119837891576,,,ok
PV051143_2024_07_01,18.266889574885397,True,1,19.37448765096014,21.320464799851276,-0.05194999670375246,,,ok
PV051156_2021_07_01,18.216137213253035,True,1,19.37448765096014,21.320464799851276,-0.054330449574213166,,,ok
LC718895_2021_07_01,18.216137213253035,True,1,19.37448765096014,21.320464799851276,-0.054330449574213166,,,ok
internal_139325123017232,9.321704744390033,False,5,,,-0.05478334474041798,10.012317824356023,12.60625986307241,ok
LC888271_2024_07_01,18.150274923355113,True,1,19.37448765096014,21.320464799851276,-0.057419607832075406,,,ok
internal_139325123017952,9.284378907772975,False,5,,,-0.057744241709264094,10.012317824356023,12.60625986307241,ok
LC718897_2021_07_01,18.090878884817528,True,1,19.37448765096014,21.320464799851276,-0.06020547761001756,,,ok
internal_139325128002928,9.179954304689119,False,6,,,-0.06602779323192848,10.012317824356023,12.60625986307241,ok
KP212158_2011_11_07,17.82850067639069,True,1,19.37448765096014,21.320464799851276,-0.07251187950556481,,,ok
internal_139325123003648,9.09159316269239,False,15,,,-0.07303709995386627,10.012317824356023,12.60625986307241,ok
internal_139325123005280,9.076634683977147,False,21,,,-0.07422369128846674,10.012317824356023,12.60625986307241,ok
internal_139325123137792,9.060706499215414,False,4,,,-0.07548720520415178,10.012317824356023,12.60625986307241,ok
PV051139_2024_07_01,17.76279605649748,True,1,19.37448765096014,21.320464799851276,-0.07559364252105354,,,ok
KX947274_2014_07_01,17.750653307226344,True,1,19.37448765096014,21.320464799851276,-0.0761631774437265,,,ok
KX947273_2014_07_01,17.750653307226344,True,1,19.37448765096014,21.320464799851276,-0.0761631774437265,,,ok
internal_139325125409680,8.958441732586593,False,4,,,-0.08359942625461463,10.012317824356023,12.60625986307241,ok
internal_139325122952608,8.932932779095779,False,6,,,-0.0856229410613764,10.012317824356023,12.60625986307241,ok
OP728416_2018_07_01,17.506558512538902,True,1,19.37448765096014,21.320464799851276,-0.08761202703396359,,,ok
OP728392_2018_07_01,17.506558512538902,True,1,19.37448765096014,21.320464799851276,-0.08761202703396359,,,ok
LC888264_2022_07_01,17.499640408354793,True,1,19.37448765096014,21.320464799851276,-0.08793650889911304,,,ok
OP728383_2018_07_01,17.315534782512657,True,1,19.37448765096014,21.320464799851276,-0.09657166894700377,,,ok
internal_139325123139136,8.790014071847764,False,2,,,-0.09696006315788873,10.012317824356023,12.60625986307241,ok
internal_139325123018000,8.786225684966041,False,3,,,-0.09726057948254585,10.012317824356023,12.60625986307241,ok
internal_139325122208032,8.765322923270475,False,5,,,-0.09891870504259379,10.012317824356023,12.60625986307241,ok
internal_139325123017904,8.76497340238771,False,7,,,-0.09894643102052544,10.012317824356023,12.60625986307241,ok
LC888268_2023_07_01,17.254966098055945,True,1,19.37448765096014,21.320464799851276,-0.09941253967966876,,,ok
KY549164_2008_07_01,17.251271283056525,True,1,19.37448765096014,21.320464799851276,-0.09958583866888432,,,ok
internal_139325123134000,8.710750558149869,False,4,,,-0.10324769442670645,10.012317824356023,12.60625986307241,ok
internal_139325123005952,8.684351893009364,False,2,,,-0.10534178620549284,10.012317824356023,12.60625986307241,ok
internal_139325123007344,8.600608917010646,False,7,,,-0.11198475381906918,10.012317824356023,12.60625986307241,ok
internal_139325121964192,8.581052283341648,False,5,,,-0.11353609687255369,10.012317824356023,12.60625986307241,ok
OP751603_2016_07_01,16.946796443980304,True,1,19.37448765096014,21.320464799851276,-0.11386671115147413,,,ok
OP728446_2018_07_01,16.8909755094069,True,1,19.37448765096014,21.320464799851276,-0.11648489678192031,,,ok
KP212154_2010_11_24,16.875076018856447,True,1,19.37448765096014,21.320464799851276,-0.11723063524023777,,,ok
internal_139325123140000,8.527940686643348,False,3,,,-0.11774920982399148,10.012317824356023,12.60625986307241,ok
internal_139325125409440,8.523438009426854,False,2,,,-0.11810638770747164,10.012317824356023,12.60625986307241,ok
OP751668_2016_07_01,16.699221937371703,True,1,19.37448765096014,21.320464799851276,-0.1254787706882966,,,ok
PV051122_2021_07_01,16.694283333787382,True,1,19.37448765096014,21.320464799851276,-0.12571040745750792,,,ok
internal_139325123137840,8.425189049551363,False,3,,,-0.12590005219976821,10.012317824356023,12.60625986307241,ok
internal_139325127858496,8.397068538115263,False,30,,,-0.12813073058824676,10.012317824356023,12.60625986307241,ok
internal_139325122211824,8.386615919923997,False,4,,,-0.12895989152137055,10.012317824356023,12.60625986307241,ok
internal_139325123018624,8.371881324844594,False,6,,,-0.1301287231367306,10.012317824356023,12.60625986307241,ok
internal_139325121962704,8.36139948136966,False,2,,,-0.13096020238503955,10.012317824356023,12.60625986307241,ok
internal_139325121964960,8.333966807701557,False,6,,,-0.1331363175822568,10.012317824356023,12.60625986307241,ok
internal_139325123007776,8.329393938630432,False,2,,,-0.1334990634815795,10.012317824356023,12.60625986307241,ok
internal_139325123008400,8.329350701362785,False,2,,,-0.13350249330677086,10.012317824356023,12.60625986307241,ok
internal_139325123488576,8.320940695103218,False,13,,,-0.13416962268145574,10.012317824356023,12.60625986307241,ok
internal_139325123492176,8.317900221359366,False,2,,,-0.13441081029593274,10.012317824356023,12.60625986307241,ok
internal_139325122215904,8.311709927839445,False,2,,,-0.134901859472069,10.012317824356023,12.60625986307241,ok
internal_139325127856720,8.301017498406338,False,10,,,-0.13575004359243828,10.012317824356023,12.60625986307241,ok
OP751616_2016_07_01,16.46250053168785,True,1,19.37448765096014,21.320464799851276,-0.1365817840562558,,,ok
OP751624_2016_07_01,16.46250053168785,True,1,19.37448765096014,21.320464799851276,-0.1365817840562558,,,ok
internal_139325125399840,8.23821002338633,False,3,,,-0.14073228858042167,10.012317824356023,12.60625986307241,ok
OP728370_2018_07_01,16.369243702085498,True,1,19.37448765096014,21.320464799851276,-0.14095583642696224,,,ok
internal_139325128009456,8.233729775253607,False,3,,,-0.14108768726182172,10.012317824356023,12.60625986307241,ok
OP751647_2016_07_01,16.31029496906291,True,1,19.37448765096014,21.320464799851276,-0.14372072610342937,,,ok
internal_139325123008016,8.170553689673184,False,3,,,-0.14609917252919155,10.012317824356023,12.60625986307241,ok
OP751561_2016_07_01,16.20457034528758,True,1,19.37448765096014,21.320464799851276,-0.14867955907296518,,,ok
PV051125_2020_07_01,16.176922373555172,True,1,19.37448765096014,21.320464799851276,-0.1499763399823851,,,ok
LC888263_2022_07_01,16.160328417709366,True,1,19.37448765096014,21.320464799851276,-0.15075465114968772,,,ok
internal_139325129121792,8.103911208029402,False,3,,,-0.1513856319840691,10.012317824356023,12.60625986307241,ok
OP728381_2018_07_01,16.140580592352194,True,1,19.37448765096014,21.320464799851276,-0.15168088918167047,,,ok
internal_139325123141056,8.069632477773652,False,4,,,-0.1541048152016198,10.012317824356023,12.60625986307241,ok
internal_139325127856240,8.066942378158672,False,3,,,-0.15431820915384672,10.012317824356023,12.60625986307241,ok
internal_139325123010512,8.032369062143118,False,5,,,-0.15706076058393656,10.012317824356023,12.60625986307241,ok
OP751619_2016_07_01,15.997504885899644,True,1,19.37448765096014,21.320464799851276,-0.1583916109129128,,,ok
internal_139325123185456,7.9795766164505295,False,3,,,-0.161248556668264,10.012317824356023,12.60625986307241,ok
internal_139325128004032,7.957883167480219,False,4,,,-0.16296940402552476,10.012317824356023,12.60625986307241,ok
internal_139325122215280,7.936545467321309,False,2,,,-0.1646620313702469,10.012317824356023,12.60625986307241,ok
PX461756_2022_07_01,15.79143524421653,True,1,19.37448765096014,21.320464799851276,-0.1680569556236225,,,ok
PV051165_2021_07_01,15.739984877118758,True,1,19.37448765096014,21.320464799851276,-0.17047014724870052,,,ok
OP728444_2018_07_01,15.695445031250017,True,1,19.37448765096014,21.320464799851276,-0.17255921267419028,,,ok
internal_139325123017040,7.831970337362634,False,7,,,-0.1729575235379919,10.012317824356023,12.60625986307241,ok
internal_139325123014016,7.804773007065762,False,2,,,-0.17511496996478984,10.012317824356023,12.60625986307241,ok
internal_139325123490064,7.757240998408946,False,4,,,-0.1788854783608647,10.012317824356023,12.60625986307241,ok
OP971067_2017_09_13,15.548475838936895,True,1,19.37448765096014,21.320464799851276,-0.1794525517121904,,,ok
internal_139325123013680,7.732938428562846,False,3,,,-0.18081329597767343,10.012317824356023,12.60625986307241,ok
internal_139325123138752,7.672238456320855,False,4,,,-0.1856283618974075,10.012317824356023,12.60625986307241,ok
internal_139325123010560,7.651950875021271,False,3,,,-0.18723768786085307,10.012317824356023,12.60625986307241,ok
internal_139325123009600,7.637049780993948,False,2,,,-0.18841972711668126,10.012317824356023,12.60625986307241,ok
internal_139325123141632,7.6255609704471965,False,3,,,-0.18933108470184462,10.012317824356023,12.60625986307241,ok
OP751611_2016_07_01,15.316912131116567,True,1,19.37448765096014,21.320464799851276,-0.1903136520678423,,,ok
LC718902_2021_07_01,15.254966098055945,True,1,19.37448765096014,21.320464799851276,-0.1932191249851613,,,ok
internal_139325122214752,7.55052230285375,False,13,,,-0.19528357722607517,10.012317824356023,12.60625986307241,ok
OP751661_2016_07_01,15.165763482982527,True,1,19.37448765096014,21.320464799851276,-0.19740302134534013,,,ok
OP751588_2016_07_01,15.165763482982527,True,1,19.37448765096014,21.320464799851276,-0.19740302134534013,,,ok
LC786755_2021_07_01,15.148897574751203,True,1,19.37448765096014,21.320464799851276,-0.19819408797496826,,,ok
internal_139325121967792,7.476244362126238,False,9,,,-0.20117572458257185,10.012317824356023,12.60625986307241,ok
internal_139325128004800,7.47471647379902,False,440,,,-0.20129692534662189,10.012317824356023,12.60625986307241,ok
KY549240_2009_07_01,15.045101104708408,True,1,19.37448765096014,21.320464799851276,-0.2030624841857075,,,ok
internal_139325121956848,7.429661031559817,False,20,,,-0.2048709784542517,10.012317824356023,12.60625986307241,ok
OP728343_2018_07_01,14.92558209213172,True,1,19.37448765096014,21.320464799851276,-0.20866831941015918,,,ok
OP751566_2016_07_01,14.89235285801081,True,1,19.37448765096014,21.320464799851276,-0.21022687990275885,,,ok
internal_139325121653568,7.361411230598861,False,6,,,-0.21028493958961433,10.012317824356023,12.60625986307241,ok
internal_139325122939120,7.33220924989547,False,2,,,-0.21260140625146165,10.012317824356023,12.60625986307241,ok
internal_139325121960208,7.2896760976083215,False,7,,,-0.21597537702067776,10.012317824356023,12.60625986307241,ok
internal_139325123018672,7.277926958930266,False,4,,,-0.21690738530907364,10.012317824356023,12.60625986307241,ok
internal_139325123135056,7.271248475667164,False,18,,,-0.21743716046329403,10.012317824356023,12.60625986307241,ok
FJ610152_2008_07_01,14.721341747133351,True,1,19.37448765096014,21.320464799851276,-0.2182478640831155,,,ok
FJ610146_2008_07_01,14.721341747133351,True,1,19.37448765096014,21.320464799851276,-0.2182478640831155,,,ok
internal_139325123018384,7.259716788672762,False,2,,,-0.21835191925136108,10.012317824356023,12.60625986307241,ok
OP751671_2016_07_01,14.674165905282237,True,1,19.37448765096014,21.320464799851276,-0.220460566399598,,,ok
internal_139325127856864,7.213133445530275,False,3,,,-0.2220471741206458,10.012317824356023,12.60625986307241,ok
OP751627_2016_07_01,14.62858377224353,True,1,19.37448765096014,21.320464799851276,-0.22259851852524887,,,ok
OP751579_2016_07_01,14.62858377224353,True,1,19.37448765096014,21.320464799851276,-0.22259851852524887,,,ok
internal_139325122940176,7.197524933435432,False,9,,,-0.2232853297880984,10.012317824356023,12.60625986307241,ok
internal_139325123003216,7.192315603838466,False,2,,,-0.22369856334456548,10.012317824356023,12.60625986307241,ok
internal_139325121960688,7.1802207005896435,False,3,,,-0.22465799963893002,10.012317824356023,12.60625986307241,ok
internal_139325128006336,7.1554517821952,False,7,,,-0.22662281066642587,10.012317824356023,12.60625986307241,ok
OP751595_2016_07_01,14.49919677619772,True,1,19.37448765096014,21.320464799851276,-0.22866719466624522,,,ok
OP751660_2016_07_01,14.49919677619772,True,1,19.37448765096014,21.320464799851276,-0.22866719466624522,,,ok
internal_139325123013296,7.124206031887752,False,39,,,-0.2291014007198466,10.012317824356023,12.60625986307241,ok
internal_139325123134576,7.1101027650444735,False,2,,,-0.23022015180037855,10.012317824356023,12.60625986307241,ok
internal_139325123014208,7.109148444505138,False,11,,,-0.23029585391581178,10.012317824356023,12.60625986307241,ok
OP728368_2018_07_01,14.425576829675038,True,1,19.37448765096014,21.320464799851276,-0.23212021256307816,,,ok
internal_139325123138560,7.06913131024055,False,12,,,-0.23347023987161855,10.012317824356023,12.60625986307241,ok
PV051157_2021_07_01,14.366801956509462,True,1,19.37448765096014,21.320464799851276,-0.23487694763979117,,,ok
internal_139325123135200,7.047853088019139,False,2,,,-0.23515814908914484,10.012317824356023,12.60625986307241,ok
OP728348_2018_07_01,14.33836721189192,True,1,19.37448765096014,21.320464799851276,-0.23621063078809382,,,ok
OP728346_2018_07_01,14.33836721189192,True,1,19.37448765096014,21.320464799851276,-0.23621063078809382,,,ok
internal_139325128011856,7.016517105506807,False,2,,,-0.23764389687260312,10.012317824356023,12.60625986307241,ok
internal_139325128002640,7.0142886955618735,False,4,,,-0.2378206669827816,10.012317824356023,12.60625986307241,ok
OP751643_2016_07_01,14.299081810139,True,1,19.37448765096014,21.320464799851276,-0.23805324548349174,,,ok
OP751571_2016_07_01,14.299081810139,True,1,19.37448765096014,21.320464799851276,-0.23805324548349174,,,ok
internal_139325129120064,7.00785249322918,False,446,,,-0.23833122304005813,10.012317824356023,12.60625986307241,ok
OP728400_2018_07_01,14.229217819988037,True,1,19.37448765096014,21.320464799851276,-0.24133009665943098,,,ok
OP728347_2018_07_01,14.229217819988037,True,1,19.37448765096014,21.320464799851276,-0.24133009665943098,,,ok
internal_139325123186128,6.968023924868817,False,2,,,-0.2414906508793202,10.012317824356023,12.60625986307241,ok
OP712021_2017_08_15,14.223524835659617,True,1,19.37448765096014,21.320464799851276,-0.24159711636945433,,,ok
internal_139325122705024,6.946167522211724,False,76,,,-0.24322442464683686,10.012317824356023,12.60625986307241,ok
PV051144_2023_07_01,14.143194203156384,True,1,19.37448765096014,21.320464799851276,-0.24536488753473373,,,ok
OP751560_2016_07_01,14.104888036182302,True,1,19.37448765096014,21.320464799851276,-0.247161572894724,,,ok
internal_139325123009936,6.890883821566206,False,6,,,-0.24760984119750315,10.012317824356023,12.60625986307241,ok
OP728396_2018_07_01,14.072831032552926,True,1,19.37448765096014,21.320464799851276,-0.24866515191752278,,,ok
internal_139325123004224,6.863778006150881,False,3,,,-0.2497600281450788,10.012317824356023,12.60625986307241,ok
KY549168_2008_07_01,14.046478453312318,True,1,19.37448765096014,21.320464799851276,-0.24990117465379974,,,ok
PV012280_2024_01_15,13.996593688233531,True,1,19.37448765096014,21.320464799851276,-0.2522409343892036,,,ok
OP751669_2016_07_01,13.977624539826195,True,1,19.37448765096014,21.320464799851276,-0.25313064990832623,,,ok
internal_139325128002400,6.807446813896675,False,363,,,-0.25422853766860665,10.012317824356023,12.60625986307241,ok
internal_139325123136976,6.7904040064033495,False,3,,,-0.25558046977840304,10.012317824356023,12.60625986307241,ok
internal_139325123009792,6.786027478691437,False,14,,,-0.25592764076801056,10.012317824356023,12.60625986307241,ok
internal_139325122950400,6.743397462197976,False,2,,,-0.2593092953552159,10.012317824356023,12.60625986307241,ok
internal_139325122706080,6.7336745520258035,False,2,,,-0.2600805717113899,10.012317824356023,12.60625986307241,ok
KY549202_2009_07_01,13.825324045455261,True,1,19.37448765096014,21.320464799851276,-0.26027404456696407,,,ok
internal_139325123013920,6.697838101925441,False,3,,,-0.2629233220980718,10.012317824356023,12.60625986307241,ok
internal_139325126896208,6.695807222906637,False,5,,,-0.26308442293534334,10.012317824356023,12.60625986307241,ok
internal_139325123185360,6.689874996992202,False,2,,,-0.26355500072597043,10.012317824356023,12.60625986307241,ok
OP728359_2018_07_01,13.689707111738414,True,1,19.37448765096014,21.320464799851276,-0.26663492529775346,,,ok
internal_139325123005472,6.641002600111932,False,8,,,-0.26743183631488543,10.012317824356023,12.60625986307241,ok
KY549307_2011_07_01,13.631316562443715,True,1,19.37448765096014,21.320464799851276,-0.26937363431947736,,,ok
KF954093_2013_07_01,13.586504660985213,True,1,19.37448765096014,21.320464799851276,-0.2714754600479115,,,ok
OP751639_2016_07_01,13.549694337484198,True,1,19.37448765096014,21.320464799851276,-0.27320198542372187,,,ok
OP751638_2016_07_01,13.549694337484198,True,1,19.37448765096014,21.320464799851276,-0.27320198542372187,,,ok
internal_139325121960640,6.542450475718908,False,2,,,-0.2752495495354191,10.012317824356023,12.60625986307241,ok
internal_139325123133760,6.513886542791795,False,2,,,-0.2775154026304188,10.012317824356023,12.60625986307241,ok
internal_139325123014688,6.4898491775942375,False,6,,,-0.27942218271100167,10.012317824356023,12.60625986307241,ok
internal_139325123010800,6.471997925716337,False,2,,,-0.2808382452126316,10.012317824356023,12.60625986307241,ok
internal_139325123135680,6.4611498717546,False,4,,,-0.2816987743528816,10.012317824356023,12.60625986307241,ok
internal_139325123010032,6.457113080732,False,2,,,-0.2820189955022508,10.012317824356023,12.60625986307241,ok
internal_139325121969040,6.453518305946503,False,134,,,-0.28230415341780574,10.012317824356023,12.60625986307241,ok
internal_139325123002832,6.44004051680227,False,2,,,-0.28337328806127865,10.012317824356023,12.60625986307241,ok
internal_139325123184976,6.42915884427552,False,10,,,-0.28423648401669643,10.012317824356023,12.60625986307241,ok
internal_139325122941520,6.4245768234581675,False,2,,,-0.2845999558844131,10.012317824356023,12.60625986307241,ok
internal_139325123138944,6.420035354566522,False,2,,,-0.2849602109434849,10.012317824356023,12.60625986307241,ok
internal_139325123011712,6.418739912769979,False,7,,,-0.2850629727309313,10.012317824356023,12.60625986307241,ok
KY549215_2009_07_01,13.293859611922812,True,1,19.37448765096014,21.320464799851276,-0.2852014764274626,,,ok
PV051128_2023_07_01,13.291913998754069,True,1,19.37448765096014,21.320464799851276,-0.2852927320913052,,,ok
KY549276_2010_07_01,13.278243125804835,True,1,19.37448765096014,21.320464799851276,-0.2859339410460616,,,ok
JQ004092_2010_07_01,13.278243125804835,True,1,19.37448765096014,21.320464799851276,-0.2859339410460616,,,ok
internal_139325122943872,6.404708953340503,False,2,,,-0.2861759879774738,10.012317824356023,12.60625986307241,ok
internal_139325121653088,6.391175357245174,False,2,,,-0.28724954954468945,10.012317824356023,12.60625986307241,ok
internal_139325123012480,6.390397179114899,False,2,,,-0.28731127904564596,10.012317824356023,12.60625986307241,ok
PX461760_2022_07_01,13.224114706882602,True,1,19.37448765096014,21.320464799851276,-0.2884727421196015,,,ok
OP728377_2018_07_01,13.14903879655759,True,1,19.37448765096014,21.320464799851276,-0.2919940495127469,,,ok
OP728361_2018_07_01,13.14903879655759,True,1,19.37448765096014,21.320464799851276,-0.2919940495127469,,,ok
internal_139325123136016,6.330241302004083,False,8,,,-0.2920831842549802,10.012317824356023,12.60625986307241,ok
PV358396_2022_07_01,13.143194203156384,True,1,19.37448765096014,21.320464799851276,-0.29226818018748,,,ok
LC786759_2022_07_01,13.127515199283437,True,1,19.37448765096014,21.320464799851276,-0.29300357709463637,,,ok
internal_139325122214128,6.281658433959677,False,4,,,-0.29593705277523175,10.012317824356023,12.60625986307241,ok
OP751558_2016_07_01,13.057725537240287,True,1,19.37448765096014,21.320464799851276,-0.2962769420375825,,,ok
OP728354_2018_07_01,13.031647695373522,True,1,19.37448765096014,21.320464799851276,-0.29750007868641143,,,ok
OP728353_2018_07_01,13.030997613013227,True,1,19.37448765096014,21.320464799851276,-0.29753056968960473,,,ok
internal_139325125399936,6.243744105968688,False,2,,,-0.29894463221614526,10.012317824356023,12.60625986307241,ok
internal_139325122214080,6.215928013782104,False,5,,,-0.3011511623439324,10.012317824356023,12.60625986307241,ok
OP751662_2016_07_01,12.92695944073563,True,1,19.37448765096014,21.320464799851276,-0.3024103025309977,,,ok
internal_139325123004512,6.168299860694589,False,3,,,-0.3049292974613143,10.012317824356023,12.60625986307241,ok
KY549174_2008_07_01,12.826701394059171,True,1,19.37448765096014,21.320464799851276,-0.3071127350350563,,,ok
internal_139325123141680,6.095712538928325,False,2,,,-0.31068733533731385,10.012317824356023,12.60625986307241,ok
internal_139325123136160,6.091394985496322,False,4,,,-0.3110298281527008,10.012317824356023,12.60625986307241,ok
internal_139325122952752,6.08915704881106,False,2,,,-0.31120735397793126,10.012317824356023,12.60625986307241,ok
internal_139325121652848,6.0708579318155955,False,7,,,-0.3126589436797324,10.012317824356023,12.60625986307241,ok
internal_139325125400992,6.037701613957509,False,2,,,-0.31528909078269757,10.012317824356023,12.60625986307241,ok
internal_139325123013584,6.030622118802768,False,7,,,-0.3158506764735875,10.012317824356023,12.60625986307241,ok
internal_139325123003504,6.019392016761458,False,66,,,-0.3167415118334238,10.012317824356023,12.60625986307241,ok
internal_139325121650112,6.011921730804502,False,23,,,-0.3173340972662244,10.012317824356023,12.60625986307241,ok
internal_139325123014736,6.001676977496757,False,4,,,-0.31814676917835555,10.012317824356023,12.60625986307241,ok
internal_139325125409824,5.98999358941812,False,3,,,-0.3190735617564509,10.012317824356023,12.60625986307241,ok
internal_139325123015744,5.989537665329294,False,2,,,-0.3191097282399106,10.012317824356023,12.60625986307241,ok
KY549204_2009_07_01,12.499056340853144,True,1,19.37448765096014,21.320464799851276,-0.3224803668518032,,,ok
internal_139325121969424,5.946781227866609,False,3,,,-0.32250141125510307,10.012317824356023,12.60625986307241,ok
internal_139325122694800,5.875951825832459,False,2,,,-0.3281200009719175,10.012317824356023,12.60625986307241,ok
KY549273_2011_07_01,12.350638252608803,True,1,19.37448765096014,21.320464799851276,-0.32944166387968865,,,ok
internal_139325123007056,5.8567519802881804,False,2,,,-0.3296430415686389,10.012317824356023,12.60625986307241,ok
KY994539_2014_02_11,12.344674019231704,True,1,19.37448765096014,21.320464799851276,-0.32972140606322403,,,ok
internal_139325121969376,5.845775145576283,False,2,,,-0.330513786328078,10.012317824356023,12.60625986307241,ok
OP751553_2016_07_01,12.3266048769718,True,1,19.37448765096014,21.320464799851276,-0.3305689083306244,,,ok
KY549195_2008_07_01,12.289021738762756,True,1,19.37448765096014,21.320464799851276,-0.33233168126085183,,,ok
KY549252_2010_07_01,12.279453106284677,True,1,19.37448765096014,21.320464799851276,-0.3327804816302577,,,ok
internal_139325121968656,5.790905512047459,False,8,,,-0.3348663567276105,10.012317824356023,12.60625986307241,ok
internal_139325122952224,5.779747845343977,False,7,,,-0.33575144610579843,10.012317824356023,12.60625986307241,ok
internal_139325122214896,5.761840806745752,False,2,,,-0.33717193392635175,10.012317824356023,12.60625986307241,ok
internal_139325123492752,5.741849264539212,False,9,,,-0.3387577763906263,10.012317824356023,12.60625986307241,ok
LC786757_2021_07_01,12.135565850755142,True,1,19.37448765096014,21.320464799851276,-0.33952926768535996,,,ok
internal_139325127857008,5.723216839717594,False,5,,,-0.3402358059587933,10.012317824356023,12.60625986307241,ok
OP728455_2018_07_01,12.090328089644117,True,1,19.37448765096014,21.320464799851276,-0.3416510676337054,,,ok
OP751552_2016_07_01,12.074208381156836,True,1,19.37448765096014,21.320464799851276,-0.3424071350383613,,,ok
internal_139325123134528,5.6901697705898755,False,4,,,-0.3428572868331107,10.012317824356023,12.60625986307241,ok
KY549263_2009_07_01,12.030517546244312,True,1,19.37448765096014,21.320464799851276,-0.34445637905450627,,,ok
internal_139325122201744,5.66553612730749,False,3,,,-0.3448113670718137,10.012317824356023,12.60625986307241,ok
internal_139325123141248,5.662858227314189,False,2,,,-0.3450237932808867,10.012317824356023,12.60625986307241,ok
internal_139325123138800,5.621143153993586,False,2,,,-0.34833286938860675,10.012317824356023,12.60625986307241,ok
PV051168_2024_07_01,11.924007682048966,True,1,19.37448765096014,21.320464799851276,-0.34945204238526484,,,ok
internal_139325123016416,5.599196366806382,False,4,,,-0.3500738129694616,10.012317824356023,12.60625986307241,ok
internal_139325123136736,5.5970177262822745,False,3,,,-0.3502466350870263,10.012317824356023,12.60625986307241,ok
internal_139325123011328,5.5957975215093825,False,2,,,-0.35034342864722146,10.012317824356023,12.60625986307241,ok
internal_139325121959824,5.591035263873579,False,5,,,-0.35072119792117984,10.012317824356023,12.60625986307241,ok
OP728459_2018_07_01,11.883607465548721,True,1,19.37448765096014,21.320464799851276,-0.35134694556301016,,,ok
OP728414_2018_07_01,11.883607465548721,True,1,19.37448765096014,21.320464799851276,-0.35134694556301016,,,ok
internal_139325121967600,5.572896366491193,False,3,,,-0.3521600780949513,10.012317824356023,12.60625986307241,ok
OP751679_2016_07_01,11.865345587909474,True,1,19.37448765096014,21.320464799851276,-0.3522034877543124,,,ok
internal_139325121954352,5.562044616106391,False,2,,,-0.3530209004564346,10.012317824356023,12.60625986307241,ok
internal_139325125403392,5.556375270500155,False,2,,,-0.353470625090689,10.012317824356023,12.60625986307241,ok
internal_139325122215760,5.521045157222133,False,2,,,-0.35627320997008805,10.012317824356023,12.60625986307241,ok
internal_139325123135824,5.514872090286872,False,2,,,-0.35676289263586775,10.012317824356023,12.60625986307241,ok
internal_139325121959440,5.5009636079467725,False,4,,,-0.3578661923053313,10.012317824356023,12.60625986307241,ok
PV051159_2021_07_01,11.744094389613906,True,1,19.37448765096014,21.320464799851276,-0.35789056819246556,,,ok
OP728428_2018_07_01,11.711696492222359,True,1,19.37448765096014,21.320464799851276,-0.35941013625515494,,,ok
PX461753_2022_07_01,11.701760818671318,True,1,19.37448765096014,21.320464799851276,-0.3598761520594216,,,ok
OP728378_2018_07_01,11.692212991864892,True,1,19.37448765096014,21.320464799851276,-0.36032397657432114,,,ok
OP728376_2018_07_01,11.692212991864892,True,1,19.37448765096014,21.320464799851276,-0.36032397657432114,,,ok
OP751634_2016_07_01,11.691084460342324,True,1,19.37448765096014,21.320464799851276,-0.36037690841859193,,,ok
internal_139325122214800,5.451420398056285,False,11,,,-0.3617962405852033,10.012317824356023,12.60625986307241,ok
internal_139325121653904,5.4237604215141175,False,2,,,-0.3639903867350215,10.012317824356023,12.60625986307241,ok
internal_139325121966304,5.417179522775939,False,2,,,-0.36451242093149683,10.012317824356023,12.60625986307241,ok
KY549315_2009_07_01,11.581449316064294,True,1,19.37448765096014,21.320464799851276,-0.3655191576756905,,,ok
internal_139325123016512,5.402429416650449,False,3,,,-0.365682482970968,10.012317824356023,12.60625986307241,ok
internal_139325123186272,5.393661410447606,False,3,,,-0.366378010930734,10.012317824356023,12.60625986307241,ok
internal_139325123004560,5.369304149131807,False,2,,,-0.36831016698497726,10.012317824356023,12.60625986307241,ok
OP751589_2016_07_01,11.505142699064379,True,1,19.37448765096014,21.320464799851276,-0.36909818926417853,,,ok
OP751570_2016_07_01,11.455911662143762,True,1,19.37448765096014,21.320464799851276,-0.37140728699646436,,,ok
LC718901_2021_07_01,11.454232733072274,True,1,19.37448765096014,21.320464799851276,-0.37148603429804755,,,ok
internal_139325122704976,5.32640434356847,False,12,,,-0.37171322277069874,10.012317824356023,12.60625986307241,ok
internal_139325125402864,5.278189076671168,False,2,,,-0.3755379310839502,10.012317824356023,12.60625986307241,ok
internal_139325123007440,5.275724792397909,False,4,,,-0.3757334120830749,10.012317824356023,12.60625986307241,ok
KY549156_2008_07_01,11.33573280178183,True,1,19.37448765096014,21.320464799851276,-0.3770440712546936,,,ok
KY549173_2008_07_01,11.33573280178183,True,1,19.37448765096014,21.320464799851276,-0.3770440712546936,,,ok
internal_139325123138704,5.257726559650678,False,7,,,-0.3771611339405272,10.012317824356023,12.60625986307241,ok
internal_139325123010464,5.254602380120559,False,6,,,-0.3774089615725174,10.012317824356023,12.60625986307241,ok
PV051150_2018_07_01,11.316072381291548,True,1,19.37448765096014,21.320464799851276,-0.37796620971062533,,,ok
OP728457_2018_07_01,11.309810147557982,True,1,19.37448765096014,21.320464799851276,-0.37825992909209066,,,ok
OP728404_2018_07_01,11.309810147557982,True,1,19.37448765096014,21.320464799851276,-0.37825992909209066,,,ok
internal_139325123002592,5.225441314905652,False,7,,,-0.37972218258585927,10.012317824356023,12.60625986307241,ok
internal_139325122200160,5.22513270088794,False,3,,,-0.37974666359934495,10.012317824356023,12.60625986307241,ok
internal_139325123490160,5.2126056439225295,False,4,,,-0.38074038077648376,10.012317824356023,12.60625986307241,ok
internal_139325123014256,5.211447598736868,False,5,,,-0.38083224348582345,10.012317824356023,12.60625986307241,ok
internal_139325123013344,5.204223221705703,False,20,,,-0.38140532202851846,10.012317824356023,12.60625986307241,ok
internal_139325123195776,5.176669876946789,False,5,,,-0.3835910095407699,10.012317824356023,12.60625986307241,ok
internal_139325122951552,5.16101805880561,False,3,,,-0.38483260048932943,10.012317824356023,12.60625986307241,ok
internal_139325123141392,5.152073261945006,False,3,,,-0.38554215248633417,10.012317824356023,12.60625986307241,ok
internal_139325123008832,5.127958462000038,False,3,,,-0.38745507513007627,10.012317824356023,12.60625986307241,ok
internal_139325122207984,5.120241116004706,False,3,,,-0.38806725876575854,10.012317824356023,12.60625986307241,ok
OP728409_2018_07_01,11.08974403138194,True,1,19.37448765096014,21.320464799851276,-0.38858175454204885,,,ok
OP728440_2018_07_01,11.08974403138194,True,1,19.37448765096014,21.320464799851276,-0.38858175454204885,,,ok
internal_139325123186656,5.108426232594809,False,3,,,-0.38900448229900547,10.012317824356023,12.60625986307241,ok
internal_139325121654912,5.1007626604272644,False,4,,,-0.38961240028981203,10.012317824356023,12.60625986307241,ok
internal_139325121652464,5.0877689061504725,False,20,,,-0.39064313854349936,10.012317824356023,12.60625986307241,ok
internal_139325123197312,5.082644739351053,False,4,,,-0.3910496165040584,10.012317824356023,12.60625986307241,ok
OP751614_2016_07_01,11.018641324224092,True,1,19.37448765096014,21.320464799851276,-0.39191670562427594,,,ok
internal_139325123016368,5.0587178270528455,False,6,,,-0.39294763483448303,10.012317824356023,12.60625986307241,ok
internal_139325129114400,5.045407675282519,False,2,,,-0.39400347153108456,10.012317824356023,12.60625986307241,ok
PV051160_2021_07_01,10.96465343904373,True,1,19.37448765096014,21.320464799851276,-0.3944489152025933,,,ok
internal_139325125399072,5.032921785149014,False,11,,,-0.39499392312173276,10.012317824356023,12.60625986307241,ok
internal_139325123018528,5.02311926077715,False,17,,,-0.3957715149275766,10.012317824356023,12.60625986307241,ok
OP751628_2016_07_01,10.927044044203853,True,1,19.37448765096014,21.320464799851276,-0.39621291965526073,,,ok
internal_139325122211728,4.993151131010578,False,118,,,-0.39814875687658313,10.012317824356023,12.60625986307241,ok
internal_139325121652704,4.9855811465103415,False,14,,,-0.39874925096304975,10.012317824356023,12.60625986307241,ok
internal_139325121655152,4.979085350101428,False,4,,,-0.39926453436030396,10.012317824356023,12.60625986307241,ok
internal_139325123007248,4.977575598571491,False,14,,,-0.3993842964107722,10.012317824356023,12.60625986307241,ok
internal_139325123135104,4.96759619110648,False,10,,,-0.4001759195863537,10.012317824356023,12.60625986307241,ok
internal_139325123135344,4.955513536744007,False,4,,,-0.40113438422961134,10.012317824356023,12.60625986307241,ok
OP751597_2016_07_01,10.818243473028474,True,1,19.37448765096014,21.320464799851276,-0.40131602468588545,,,ok
internal_139325125401184,4.950614311973467,False,6,,,-0.40152301851319383,10.012317824356023,12.60625986307241,ok
internal_139325125404592,4.929434539761758,False,4,,,-0.4032031181178158,10.012317824356023,12.60625986307241,ok
internal_139325123008784,4.9231621866615,False,5,,,-0.40370067672507814,10.012317824356023,12.60625986307241,ok
internal_139325121644256,4.916777424617976,False,4,,,-0.40420715224699144,10.012317824356023,12.60625986307241,ok
internal_139325123004272,4.915641525019396,False,2,,,-0.4042972582428156,10.012317824356023,12.60625986307241,ok
internal_139325122214512,4.907715656511556,False,2,,,-0.4049259830663501,10.012317824356023,12.60625986307241,ok
internal_139325123011232,4.904028821025719,False,3,,,-0.4052184437585683,10.012317824356023,12.60625986307241,ok
internal_139325123186560,4.902303750976472,False,4,,,-0.40535528609467625,10.012317824356023,12.60625986307241,ok
KP212159_2011_12_01,10.703826825725457,True,1,19.37448765096014,21.320464799851276,-0.40668254217868494,,,ok
KY549223_2010_07_01,10.673913974793166,True,1,19.37448765096014,21.320464799851276,-0.40808555338004016,,,ok
internal_139325122940944,4.840626477643866,False,2,,,-0.4102478770774528,10.012317824356023,12.60625986307241,ok
internal_139325123015552,4.837139537372877,False,15,,,-0.4105244809479793,10.012317824356023,12.60625986307241,ok
internal_139325128000864,4.835511850846686,False,11,,,-0.4106535982709499,10.012317824356023,12.60625986307241,ok
internal_139325123133904,4.808376232588557,False,5,,,-0.4128061493489756,10.012317824356023,12.60625986307241,ok
internal_139325122950544,4.793605321772247,False,2,,,-0.41397786173446893,10.012317824356023,12.60625986307241,ok
internal_139325125404064,4.780422840181217,False,17,,,-0.4150235709086584,10.012317824356023,12.60625986307241,ok
KY549317_2010_07_01,10.510048583706123,True,1,19.37448765096014,21.320464799851276,-0.4157713797738525,,,ok
KX947277_2014_07_01,10.484990257559701,True,1,19.37448765096014,21.320464799851276,-0.41694669777848603,,,ok
KY549179_2008_07_01,10.46533336281965,True,1,19.37448765096014,21.320464799851276,-0.4178686708651229,,,ok
OP751681_2016_07_01,10.451477451705387,True,1,19.37448765096014,21.320464799851276,-0.4185185587190856,,,ok
internal_139325123015888,4.695966187736815,False,2,,,-0.4217231513838952,10.012317824356023,12.60625986307241,ok
internal_139325123134096,4.687813392253602,False,3,,,-0.4223698773416152,10.012317824356023,12.60625986307241,ok
internal_139325123141440,4.68478143333482,False,2,,,-0.42261038951189533,10.012317824356023,12.60625986307241,ok
LC888267_2022_07_01,10.359147256479389,True,1,19.37448765096014,21.320464799851276,-0.4228491488864558,,,ok
OP751604_2016_07_01,10.266889574885397,True,1,19.37448765096014,21.320464799851276,-0.4271763379257227,,,ok
internal_139325125404448,4.620014972530825,False,12,,,-0.4277480323581859,10.012317824356023,12.60625986307241,ok
internal_139325123489920,4.614753453981507,False,4,,,-0.42816540583822427,10.012317824356023,12.60625986307241,ok
OP728358_2018_07_01,10.215270607043834,True,1,19.37448765096014,21.320464799851276,-0.4295974374808282,,,ok
internal_139325122215424,4.571120716432887,False,2,,,-0.43162660194417113,10.012317824356023,12.60625986307241,ok
OP728438_2018_07_01,10.129317088829993,True,1,19.37448765096014,21.320464799851276,-0.43362894050014517,,,ok
OP728443_2018_07_01,10.129317088829993,True,1,19.37448765096014,21.320464799851276,-0.43362894050014517,,,ok
internal_139325123004464,4.54068156714095,False,4,,,-0.4340412078322428,10.012317824356023,12.60625986307241,ok
OP728355_2018_07_01,10.092597477811182,True,1,19.37448765096014,21.320464799851276,-0.43535121116185543,,,ok
OP751602_2016_07_01,10.091705438248027,True,1,19.37448765096014,21.320464799851276,-0.43539305075454393,,,ok
JQ004097_2010_07_01,10.083540944106574,True,1,19.37448765096014,21.320464799851276,-0.43577599241262216,,,ok
JQ004095_2010_07_01,10.083540944106574,True,1,19.37448765096014,21.320464799851276,-0.43577599241262216,,,ok
internal_139325128004320,4.510695878434319,False,2,,,-0.43641984265592026,10.012317824356023,12.60625986307241,ok
KY549203_2009_07_01,10.061675144623365,True,1,19.37448765096014,21.320464799851276,-0.4368015704048694,,,ok
KY549283_2009_07_01,10.061675144623365,True,1,19.37448765096014,21.320464799851276,-0.4368015704048694,,,ok
internal_139325123003696,4.49731634414087,False,13,,,-0.4374811831676006,10.012317824356023,12.60625986307241,ok
internal_139325123005712,4.473122492269738,False,2,,,-0.4394003766582888,10.012317824356023,12.60625986307241,ok
PV051123_2023_07_01,9.999271001675595,True,1,19.37448765096014,21.320464799851276,-0.4397285301842924,,,ok
OP751617_2016_07_01,9.985416326404874,True,1,19.37448765096014,21.320464799851276,-0.44037836007312386,,,ok
internal_139325123186800,4.448980556352382,False,2,,,-0.4413154518812005,10.012317824356023,12.60625986307241,ok
OP728450_2018_07_01,9.935210826883804,True,1,19.37448765096014,21.320464799851276,-0.4427331633099379,,,ok
internal_139325123137024,4.430919830422667,False,2,,,-0.4427481310521749,10.012317824356023,12.60625986307241,ok
OP751678_2016_07_01,9.912429254122145,True,1,19.37448765096014,21.320464799851276,-0.4438016940842678,,,ok
OP751601_2016_07_01,9.912429254122145,True,1,19.37448765096014,21.320464799851276,-0.4438016940842678,,,ok
internal_139325125404928,4.416461299969427,False,3,,,-0.4438950636563166,10.012317824356023,12.60625986307241,ok
internal_139325121654672,4.402121748413165,False,3,,,-0.44503255817983234,10.012317824356023,12.60625986307241,ok
internal_139325123185840,4.40033599428665,False,2,,,-0.4451742143209807,10.012317824356023,12.60625986307241,ok
internal_139325123003840,4.389355031108352,False,7,,,-0.44604528657377984,10.012317824356023,12.60625986307241,ok
internal_139325122705888,4.3828345739756145,False,2,,,-0.4465625261994548,10.012317824356023,12.60625986307241,ok
internal_139325122214848,4.359757044737506,False,8,,,-0.4483931666502129,10.012317824356023,12.60625986307241,ok
internal_139325123489968,4.3476581080552705,False,8,,,-0.44935292289938217,10.012317824356023,12.60625986307241,ok
KU684317_2009_07_01,9.7935340795988,True,1,19.37448765096014,21.320464799851276,-0.4493782692499356,,,ok
internal_139325123187472,4.339224757378105,False,3,,,-0.45002190408561565,10.012317824356023,12.60625986307241,ok
PV051121_2020_07_01,9.768797388502406,True,1,19.37448765096014,21.320464799851276,-0.45053850151169034,,,ok
internal_139325123134144,4.327364723544534,False,2,,,-0.450962709206436,10.012317824356023,12.60625986307241,ok
internal_139325122201120,4.322683605440233,False,11,,,-0.4513340420327578,10.012317824356023,12.60625986307241,ok
internal_139325123493568,4.321347818743476,False,2,,,-0.4514400042064132,10.012317824356023,12.60625986307241,ok
internal_139325122205728,4.300720699939589,False,2,,,-0.45307626420961294,10.012317824356023,12.60625986307241,ok
internal_139325123134720,4.276901498571078,False,2,,,-0.45496573829845705,10.012317824356023,12.60625986307241,ok
internal_139325122950976,4.272871504193006,False,2,,,-0.4552854202994506,10.012317824356023,12.60625986307241,ok
internal_139325123011760,4.264902220865281,False,5,,,-0.4559175890326266,10.012317824356023,12.60625986307241,ok
internal_139325121658704,4.246752506694463,False,2,,,-0.4573573272553792,10.012317824356023,12.60625986307241,ok
internal_139325122938976,4.242648529660073,False,2,,,-0.4576828779800959,10.012317824356023,12.60625986307241,ok
internal_139325123005088,4.241519914591436,False,45,,,-0.45777240612570735,10.012317824356023,12.60625986307241,ok
internal_139325122937872,4.2166208231450355,False,5,,,-0.45974754321766415,10.012317824356023,12.60625986307241,ok
internal_139325123135536,4.177180296042707,False,2,,,-0.46287618942444764,10.012317824356023,12.60625986307241,ok
internal_139325122215568,4.154952131209683,False,3,,,-0.46463945347536073,10.012317824356023,12.60625986307241,ok
internal_139325125409776,4.1370138978137305,False,2,,,-0.46606241584412,10.012317824356023,12.60625986307241,ok
internal_139325123009888,4.129697139207337,False,12,,,-0.4666428226170936,10.012317824356023,12.60625986307241,ok
internal_139325121968800,4.118954106058752,False,149,,,-0.4674950209110583,10.012317824356023,12.60625986307241,ok
KY549258_2010_07_01,9.396834674226312,True,1,19.37448765096014,21.320464799851276,-0.46798477755529183,,,ok
OP751621_2016_07_01,9.377048838074188,True,1,19.37448765096014,21.320464799851276,-0.4689127984187142,,,ok
OP751594_2016_07_01,9.377048838074188,True,1,19.37448765096014,21.320464799851276,-0.4689127984187142,,,ok
internal_139325123015648,4.1002963260878005,False,6,,,-0.46897506179341436,10.012317824356023,12.60625986307241,ok
OP728375_2018_07_01,9.373942764246166,True,1,19.37448765096014,21.320464799851276,-0.4690584835084709,,,ok
internal_139325123185984,4.0960345631157224,False,3,,,-0.46931312899323163,10.012317824356023,12.60625986307241,ok
internal_139325128004752,4.084763606962255,False,367,,,-0.4702072051328552,10.012317824356023,12.60625986307241,ok
KY549199_2008_07_01,9.341738617277656,True,1,19.37448765096014,21.320464799851276,-0.470568964038367,,,ok
internal_139325123015696,4.073083134539502,False,4,,,-0.47113376642459637,10.012317824356023,12.60625986307241,ok
internal_139325123133568,4.063929025673033,False,2,,,-0.47185992223654216,10.012317824356023,12.60625986307241,ok
internal_139325123016608,4.059945241445519,False,2,,,-0.472175938586418,10.012317824356023,12.60625986307241,ok
JQ004098_2010_07_01,9.284648743533637,True,1,19.37448765096014,21.320464799851276,-0.4732466670940911,,,ok
OP751610_2016_07_01,9.269759227754975,True,1,19.37448765096014,21.320464799851276,-0.4739450344101154,,,ok
OP751596_2016_07_01,9.269759227754975,True,1,19.37448765096014,21.320464799851276,-0.4739450344101154,,,ok
PV051140_2023_07_01,9.205665146093338,True,1,19.37448765096014,21.320464799851276,-0.47695125787960013,,,ok
KY549186_2008_07_01,9.14701686086903,True,1,19.37448765096014,21.320464799851276,-0.4797020555650576,,,ok
internal_139325122705312,3.9553415898630533,False,33,,,-0.4804736932510574,10.012317824356023,12.60625986307241,ok
internal_139325123493088,3.930817526216657,False,3,,,-0.4824190810118027,10.012317824356023,12.60625986307241,ok
internal_139325125404736,3.930122452343241,False,16,,,-0.48247421821196884,10.012317824356023,12.60625986307241,ok
internal_139325122703728,3.8857145831768207,False,7,,,-0.4859969021522313,10.012317824356023,12.60625986307241,ok
internal_139325122949680,3.8773778698307098,False,16,,,-0.4866582175175072,10.012317824356023,12.60625986307241,ok
internal_139325128003648,3.8596479427502004,False,2,,,-0.4880646558483912,10.012317824356023,12.60625986307241,ok
internal_139325128008064,3.8391042222256715,False,6,,,-0.489694300227269,10.012317824356023,12.60625986307241,ok
internal_139325121969088,3.832108428035866,False,135,,,-0.490249246283101,10.012317824356023,12.60625986307241,ok
OP751648_2016_07_01,8.920573246641737,True,1,19.37448765096014,21.320464799851276,-0.4903230066725059,,,ok
OP751656_2016_07_01,8.920573246641737,True,1,19.37448765096014,21.320464799851276,-0.4903230066725059,,,ok
OP728407_2018_07_01,8.879347436666052,True,1,19.37448765096014,21.320464799851276,-0.49225663290264193,,,ok
OP751654_2016_07_01,8.87686187939893,True,1,19.37448765096014,21.320464799851276,-0.4923732137225469,,,ok
OP728340_2018_07_01,8.873772154310885,True,1,19.37448765096014,21.320464799851276,-0.49251813200256805,,,ok
OP728437_2018_07_01,8.873772154310885,True,1,19.37448765096014,21.320464799851276,-0.49251813200256805,,,ok
internal_139325123009408,3.7942101946472917,False,4,,,-0.49325554900890706,10.012317824356023,12.60625986307241,ok
OP751583_2016_07_01,8.852330554422878,True,1,19.37448765096014,21.320464799851276,-0.49352381363705833,,,ok
OP751592_2016_07_01,8.852330554422878,True,1,19.37448765096014,21.320464799851276,-0.49352381363705833,,,ok
internal_139325123008112,3.7740844794858646,False,2,,,-0.49485203483261925,10.012317824356023,12.60625986307241,ok
KP212157_2011_08_11,8.807773798373262,True,1,19.37448765096014,21.320464799851276,-0.4956136722057105,,,ok
internal_139325123183824,3.7548584950513373,False,3,,,-0.4963771489143023,10.012317824356023,12.60625986307241,ok
OP728460_2018_07_01,8.788349083353154,True,1,19.37448765096014,21.320464799851276,-0.4965247552989948,,,ok
internal_139325121960256,3.7185062004577674,False,16,,,-0.4992608190106214,10.012317824356023,12.60625986307241,ok
OP751637_2016_07_01,8.716511696829983,True,1,19.37448765096014,21.320464799851276,-0.4998941652624996,,,ok
KY549177_2008_07_01,8.659770159431332,True,1,19.37448765096014,21.320464799851276,-0.5025555301966752,,,ok
KY549181_2008_07_01,8.659770159431332,True,1,19.37448765096014,21.320464799851276,-0.5025555301966752,,,ok
internal_139325123184880,3.6659930137434174,False,2,,,-0.5034264626896143,10.012317824356023,12.60625986307241,ok
internal_139325122704112,3.6485706723233875,False,68,,,-0.5048085015821383,10.012317824356023,12.60625986307241,ok
internal_139325121644304,3.6339367192881866,False,5,,,-0.5059693496999903,10.012317824356023,12.60625986307241,ok
internal_139325123016320,3.616167207677222,False,7,,,-0.5073789281002434,10.012317824356023,12.60625986307241,ok
internal_139325122705072,3.615491586869524,False,80,,,-0.5074325221729531,10.012317824356023,12.60625986307241,ok
OP751591_2016_07_01,8.527241730275023,True,1,19.37448765096014,21.320464799851276,-0.5087715498942024,,,ok
OP751667_2016_07_01,8.527241730275023,True,1,19.37448765096014,21.320464799851276,-0.5087715498942024,,,ok
KP212153_2010_05_18,8.519754990579514,True,1,19.37448765096014,21.320464799851276,-0.5091227026371558,,,ok
KY549206_2009_07_01,8.498714770741287,True,1,19.37448765096014,21.320464799851276,-0.5101095582257061,,,ok
OP728366_2018_07_01,8.46847554807971,True,1,19.37448765096014,21.320464799851276,-0.5115278773357937,,,ok
internal_139325123005856,3.5497631605002766,False,4,,,-0.512646473581474,10.012317824356023,12.60625986307241,ok
internal_139325123183440,3.547993843583555,False,7,,,-0.5127868258299553,10.012317824356023,12.60625986307241,ok
internal_139325122201648,3.5434396287418792,False,2,,,-0.5131480919700431,10.012317824356023,12.60625986307241,ok
internal_139325123141104,3.5250120383203836,False,2,,,-0.5146098729123411,10.012317824356023,12.60625986307241,ok
KP212151_2010_03_03,8.399468539779761,True,1,19.37448765096014,21.320464799851276,-0.5147645332411767,,,ok
internal_139325123007488,3.5201313072929707,False,3,,,-0.5149970401673737,10.012317824356023,12.60625986307241,ok
internal_139325125409536,3.517540190072623,False,3,,,-0.5152025822749053,10.012317824356023,12.60625986307241,ok
KY549242_2010_07_01,8.384450362410007,True,1,19.37448765096014,21.320464799851276,-0.5154689352094611,,,ok
KY549260_2010_07_01,8.384450362410007,True,1,19.37448765096014,21.320464799851276,-0.5154689352094611,,,ok
KY549219_2010_07_01,8.371964573427192,True,1,19.37448765096014,21.320464799851276,-0.5160545598241225,,,ok
OP751673_2016_07_01,8.369912144986685,True,1,19.37448765096014,21.320464799851276,-0.5161508254759164,,,ok
internal_139325123002640,3.4948082745093245,False,6,,,-0.5170058066896175,10.012317824356023,12.60625986307241,ok
internal_139325122704592,3.484713441374197,False,38,,,-0.5178065860837262,10.012317824356023,12.60625986307241,ok
internal_139325123188432,3.483714223186496,False,8,,,-0.5178858497351624,10.012317824356023,12.60625986307241,ok
KY549196_2008_07_01,8.331463899654949,True,1,19.37448765096014,21.320464799851276,-0.5179541747786954,,,ok
KY549291_2010_07_01,8.327213891649237,True,1,19.37448765096014,21.320464799851276,-0.5181535141479638,,,ok
internal_139325123007536,3.479431203027147,False,2,,,-0.5182256031755857,10.012317824356023,12.60625986307241,ok
PQ720440_2015_07_01,8.316072381291548,True,1,19.37448765096014,21.320464799851276,-0.5186760876688642,,,ok
internal_139325123014400,3.4736462788123816,False,3,,,-0.5186844961603092,10.012317824356023,12.60625986307241,ok
PV051162_2018_07_01,8.291913998754069,True,1,19.37448765096014,21.320464799851276,-0.5198091953550366,,,ok
JQ004096_2010_07_01,8.21855645321898,True,1,19.37448765096014,21.320464799851276,-0.523249905781556,,,ok
KY549211_2009_07_01,8.20389193689951,True,1,19.37448765096014,21.320464799851276,-0.523937719882099,,,ok
internal_139325123489872,3.4072746814696018,False,2,,,-0.5239494675367286,10.012317824356023,12.60625986307241,ok
KP212152_2010_05_12,8.19022759027932,True,1,19.37448765096014,21.320464799851276,-0.5245786227305343,,,ok
OP751555_2016_07_01,8.158973776794653,True,1,19.37448765096014,21.320464799851276,-0.5260445294909201,,,ok
OP751625_2016_07_01,8.158973776794653,True,1,19.37448765096014,21.320464799851276,-0.5260445294909201,,,ok
internal_139325122939360,3.374000365005543,False,2,,,-0.5265889749580795,10.012317824356023,12.60625986307241,ok
internal_139325123002688,3.3682931451006084,False,5,,,-0.5270417039964244,10.012317824356023,12.60625986307241,ok
internal_139325126896448,3.350194774646468,False,4,,,-0.5284773693444914,10.012317824356023,12.60625986307241,ok
internal_139325123011856,3.3425359685453486,False,3,,,-0.5290849092638892,10.012317824356023,12.60625986307241,ok
internal_139325128001392,3.34209868510041,False,18,,,-0.5291195970657978,10.012317824356023,12.60625986307241,ok
internal_139325123017088,3.3398958946098674,False,2,,,-0.5292943348956116,10.012317824356023,12.60625986307241,ok
OP728365_2018_07_01,8.088487531299108,True,1,19.37448765096014,21.320464799851276,-0.5293505664913909,,,ok
OP728371_2018_07_01,8.088487531299108,True,1,19.37448765096014,21.320464799851276,-0.5293505664913909,,,ok
KY549220_2010_07_01,8.06509168055021,True,1,19.37448765096014,21.320464799851276,-0.5304479089259264,,,ok
internal_139325122704064,3.285614331568169,False,43,,,-0.5336002562102043,10.012317824356023,12.60625986307241,ok
internal_139325122948336,3.2773661331358426,False,5,,,-0.5342545500707084,10.012317824356023,12.60625986307241,ok
internal_139325123013632,3.26569665706495,False,6,,,-0.5351802390694792,10.012317824356023,12.60625986307241,ok
internal_139325122705264,3.23921394633021,False,23,,,-0.5372809978212734,10.012317824356023,12.60625986307241,ok
internal_139325123006192,3.2338459086542457,False,7,,,-0.5377068210023176,10.012317824356023,12.60625986307241,ok
KY549216_2009_07_01,7.894544151914545,True,1,19.37448765096014,21.320464799851276,-0.5384471495727278,,,ok
internal_139325123005376,3.1764699050481937,False,17,,,-0.5422582108855394,10.012317824356023,12.60625986307241,ok
KY549198_2008_07_01,7.809909440960837,True,1,19.37448765096014,21.320464799851276,-0.54241679618917,,,ok
PV051155_2021_07_01,7.795372419450416,True,1,19.37448765096014,21.320464799851276,-0.5430986303633726,,,ok
PV051154_2021_07_01,7.795372419450416,True,1,19.37448765096014,21.320464799851276,-0.5430986303633726,,,ok
internal_139325123490352,3.1570815224962843,False,50,,,-0.5437962073065638,10.012317824356023,12.60625986307241,ok
OP751683_2016_07_01,7.764574326795952,True,1,19.37448765096014,21.320464799851276,-0.5445431623162913,,,ok
OP751581_2016_07_01,7.764574326795952,True,1,19.37448765096014,21.320464799851276,-0.5445431623162913,,,ok
internal_139325123136208,3.1431314966291097,False,3,,,-0.5449028024441144,10.012317824356023,12.60625986307241,ok
internal_139325122951984,3.123316616732012,False,3,,,-0.5464746310524664,10.012317824356023,12.60625986307241,ok
KY549169_2008_07_01,7.720063952883635,True,1,19.37448765096014,21.320464799851276,-0.5466308454099839,,,ok
KY549163_2008_07_01,7.720063952883635,True,1,19.37448765096014,21.320464799851276,-0.5466308454099839,,,ok
KY549256_2009_07_01,7.696943198006238,True,1,19.37448765096014,21.320464799851276,-0.5477152849423509,,,ok
internal_139325123003888,3.1059652036632883,False,2,,,-0.5478510435060563,10.012317824356023,12.60625986307241,ok
OP728403_2018_07_01,7.6794508045916245,True,1,19.37448765096014,21.320464799851276,-0.5485357357898735,,,ok
OP728445_2018_07_01,7.6794508045916245,True,1,19.37448765096014,21.320464799851276,-0.5485357357898735,,,ok
KY549286_2009_07_01,7.6403029357850585,True,1,19.37448765096014,21.320464799851276,-0.5503718997372391,,,ok
internal_139325122951456,3.0729748721185786,False,2,,,-0.5504680236336316,10.012317824356023,12.60625986307241,ok
internal_139325123017376,3.0458689128286665,False,2,,,-0.5526182219941551,10.012317824356023,12.60625986307241,ok
PX461755_2022_07_01,7.579190580254988,True,1,19.37448765096014,21.320464799851276,-0.5532382704333647,,,ok
PX461759_2022_07_01,7.579190580254988,True,1,19.37448765096014,21.320464799851276,-0.5532382704333647,,,ok
internal_139325123004032,3.0319119609807217,False,5,,,-0.5537253665397652,10.012317824356023,12.60625986307241,ok
internal_139325122951072,3.031284000097287,False,5,,,-0.5537751799570877,10.012317824356023,12.60625986307241,ok
internal_139325123188144,3.0197327677065005,False,11,,,-0.5546914891968031,10.012317824356023,12.60625986307241,ok
internal_139325123187952,3.013015033486596,False,2,,,-0.5552243779594395,10.012317824356023,12.60625986307241,ok
internal_139325121644208,2.998054332134089,False,3,,,-0.5564111456062283,10.012317824356023,12.60625986307241,ok
FJ610148_2008_07_01,7.500092119345197,True,1,19.37448765096014,21.320464799851276,-0.5569482486937984,,,ok
internal_139325127999952,2.975671012562657,False,41,,,-0.5581867174105982,10.012317824356023,12.60625986307241,ok
internal_139325121649392,2.9617587976728856,False,2,,,-0.5592903131670625,10.012317824356023,12.60625986307241,ok
PV051148_2024_07_01,7.444883080063903,True,1,19.37448765096014,21.320464799851276,-0.559537734420286,,,ok
internal_139325122214320,2.948116209741073,False,2,,,-0.5603725205846467,10.012317824356023,12.60625986307241,ok
internal_139325123134336,2.933105119202253,False,6,,,-0.5615632853873613,10.012317824356023,12.60625986307241,ok
internal_139325128003120,2.9274347136417305,False,45,,,-0.5620130941031988,10.012317824356023,12.60625986307241,ok
PX461757_2022_07_01,7.380412999927842,True,1,19.37448765096014,21.320464799851276,-0.5625615934562537,,,ok
PX461758_2022_07_01,7.380412999927842,True,1,19.37448765096014,21.320464799851276,-0.5625615934562537,,,ok
OP751578_2016_07_01,7.375320112850076,True,1,19.37448765096014,21.320464799851276,-0.5628004666293095,,,ok
internal_139325122212976,2.9165642433990797,False,2,,,-0.5628754014299336,10.012317824356023,12.60625986307241,ok
KY549212_2009_07_01,7.345736112909492,True,1,19.37448765096014,21.320464799851276,-0.5641880536363615,,,ok
internal_139325122215088,2.8971565442165286,False,4,,,-0.5644149301556108,10.012317824356023,12.60625986307241,ok
internal_139325122201072,2.885307959185667,False,6,,,-0.5653548270924945,10.012317824356023,12.60625986307241,ok
OP751672_2016_07_01,7.298112165735503,True,1,19.37448765096014,21.320464799851276,-0.566421773567942,,,ok
internal_139325122951504,2.837924337911474,False,2,,,-0.569113564560139,10.012317824356023,12.60625986307241,ok
internal_139325128008016,2.831296506631247,False,5,,,-0.5696393217119206,10.012317824356023,12.60625986307241,ok
internal_139325125399168,2.80873453567591,False,2,,,-0.5714290651568759,10.012317824356023,12.60625986307241,ok
internal_139325123005664,2.771155765188368,False,6,,,-0.5744100262742665,10.012317824356023,12.60625986307241,ok
internal_139325123013728,2.7452694099360144,False,2,,,-0.5764634787283274,10.012317824356023,12.60625986307241,ok
OP751665_2016_07_01,7.080721130339242,True,1,19.37448765096014,21.320464799851276,-0.5766181289212163,,,ok
OP751600_2016_07_01,7.080721130339242,True,1,19.37448765096014,21.320464799851276,-0.5766181289212163,,,ok
internal_139325123018720,2.7103960885561094,False,3,,,-0.5792298282847139,10.012317824356023,12.60625986307241,ok
PV051161_2021_07_01,6.97258238935396,True,1,19.37448765096014,21.320464799851276,-0.5816901919367486,,,ok
PV051163_2021_07_01,6.97258238935396,True,1,19.37448765096014,21.320464799851276,-0.5816901919367486,,,ok
internal_139325122214704,2.6585976894899375,False,22,,,-0.583338770955165,10.012317824356023,12.60625986307241,ok
KY549238_2010_07_01,6.907047875762515,True,1,19.37448765096014,21.320464799851276,-0.5847639764065835,,,ok
OP751599_2016_07_01,6.880724785269962,True,1,19.37448765096014,21.320464799851276,-0.5859986160234805,,,ok
internal_139325123015504,2.6076945412898453,False,16,,,-0.5873766972515443,10.012317824356023,12.60625986307241,ok
internal_139325123491696,2.5860565038271375,False,2,,,-0.589093149053882,10.012317824356023,12.60625986307241,ok
OP751666_2016_07_01,6.789726431957064,True,1,19.37448765096014,21.320464799851276,-0.5902667384198333,,,ok
KY549314_2008_07_01,6.774191803304589,True,1,19.37448765096014,21.320464799851276,-0.590995363653772,,,ok
internal_139325121653616,2.5202587621567716,False,13,,,-0.5943125989450514,10.012317824356023,12.60625986307241,ok
KY549279_2008_07_01,6.698320546610148,True,1,19.37448765096014,21.320464799851276,-0.5945539754104431,,,ok
internal_139325123005424,2.4966565157732674,False,15,,,-0.5961848629345192,10.012317824356023,12.60625986307241,ok
internal_139325123197264,2.496297821429124,False,3,,,-0.5962133166034138,10.012317824356023,12.60625986307241,ok
LC786756_2021_07_01,6.612643108996565,True,1,19.37448765096014,21.320464799851276,-0.5985725293405704,,,ok
KY549162_2008_07_01,6.610686322665657,True,1,19.37448765096014,21.320464799851276,-0.5986643090625079,,,ok
OP751622_2016_07_01,6.587521373925483,True,1,19.37448765096014,21.320464799851276,-0.5997508214325541,,,ok
KY549319_2009_07_01,6.526971357025104,True,1,19.37448765096014,21.320464799851276,-0.6025908165953613,,,ok
internal_139325123002736,2.385556231302843,False,3,,,-0.6049979673506729,10.012317824356023,12.60625986307241,ok
KP212150_2010_02_10,6.47321064017035,True,1,19.37448765096014,21.320464799851276,-0.6051123712312213,,,ok
OP751670_2016_07_01,6.469852896683619,True,1,19.37448765096014,21.320464799851276,-0.6052698604566322,,,ok
internal_139325123007392,2.3714139115979265,False,6,,,-0.6061198163255892,10.012317824356023,12.60625986307241,ok
KY549248_2011_07_01,6.44112125679311,True,1,19.37448765096014,21.320464799851276,-0.6066174689708101,,,ok
KY549304_2010_07_01,6.4255768296750375,True,1,19.37448765096014,21.320464799851276,-0.6073465537850483,,,ok
internal_139325123136112,2.3496986800555533,False,5,,,-0.6078423915999562,10.012317824356023,12.60625986307241,ok
KY549194_2008_07_01,6.373341922031102,True,1,19.37448765096014,21.320464799851276,-0.609796542944961,,,ok
internal_139325122950928,2.3166979948874626,False,8,,,-0.6104601930356349,10.012317824356023,12.60625986307241,ok
internal_139325123018240,2.313829857444972,False,2,,,-0.6106877099576756,10.012317824356023,12.60625986307241,ok
PV051135_2023_07_01,6.342843216440329,True,1,19.37448765096014,21.320464799851276,-0.6112270326588151,,,ok
KY549227_2009_07_01,6.299915436452977,True,1,19.37448765096014,21.320464799851276,-0.6132404868864945,,,ok
internal_139325122940512,2.272630538698067,False,8,,,-0.6139558734886837,10.012317824356023,12.60625986307241,ok
OP751620_2016_07_01,6.244599083688854,True,1,19.37448765096014,21.320464799851276,-0.6158350059686727,,,ok
OP751651_2016_07_01,6.244599083688854,True,1,19.37448765096014,21.320464799851276,-0.6158350059686727,,,ok
FJ610150_2008_07_01,6.21993380182289,True,1,19.37448765096014,21.320464799851276,-0.6169918889023945,,,ok
internal_139325123010224,2.2128640545891187,False,3,,,-0.6186968898375552,10.012317824356023,12.60625986307241,ok
KY549221_2010_07_01,6.175545024951262,True,1,19.37448765096014,21.320464799851276,-0.6190738686945019,,,ok
internal_139325128004368,2.2068436475845203,False,3,,,-0.619174462652172,10.012317824356023,12.60625986307241,ok
internal_139325123490688,2.181106404272043,False,2,,,-0.6212160867018134,10.012317824356023,12.60625986307241,ok
internal_139325123002544,2.167371259336335,False,9,,,-0.6223056362656727,10.012317824356023,12.60625986307241,ok
internal_139325123490736,2.1663798495693243,False,3,,,-0.6223842805089121,10.012317824356023,12.60625986307241,ok
internal_139325122211776,2.1388354855594827,False,123,,,-0.6245692556172333,10.012317824356023,12.60625986307241,ok
internal_139325123017280,2.1289903229044995,False,4,,,-0.62535022973342,10.012317824356023,12.60625986307241,ok
internal_139325123136064,2.1161048430701612,False,7,,,-0.6263723790445003,10.012317824356023,12.60625986307241,ok
internal_139325123011808,2.113338458167391,False,4,,,-0.6265918243782328,10.012317824356023,12.60625986307241,ok
internal_139325122215040,2.1121584837007674,False,6,,,-0.6266854266424603,10.012317824356023,12.60625986307241,ok
internal_139325123006672,2.0937975196549985,False,2,,,-0.628141922402916,10.012317824356023,12.60625986307241,ok
OP751629_2016_07_01,5.9660307876476395,True,1,19.37448765096014,21.320464799851276,-0.6289007762816706,,,ok
internal_139325122200112,2.077893064447096,False,36,,,-0.6294035539558631,10.012317824356023,12.60625986307241,ok
internal_139325122199776,2.049715033766603,False,13,,,-0.6316387950968961,10.012317824356023,12.60625986307241,ok
internal_139325123018048,2.039242976631698,False,2,,,-0.6324694980372331,10.012317824356023,12.60625986307241,ok
internal_139325128010272,2.0041099465120737,False,2,,,-0.6352564491632002,10.012317824356023,12.60625986307241,ok
internal_139325126898992,1.9999871376337524,False,2,,,-0.6355834937365393,10.012317824356023,12.60625986307241,ok
internal_139325165527712,1.9964611670807244,False,2,,,-0.6358631937103085,10.012317824356023,12.60625986307241,ok
OP728352_2018_07_01,5.817303614104446,True,1,19.37448765096014,21.320464799851276,-0.6358765704277828,,,ok
internal_139325123135440,1.9848181337002018,False,3,,,-0.6367867851249698,10.012317824356023,12.60625986307241,ok
PV051134_2024_07_01,5.73386592253982,True,1,19.37448765096014,21.320464799851276,-0.6397900728935081,,,ok
internal_139325123005184,1.940513087393981,False,36,,,-0.6403013125730358,10.012317824356023,12.60625986307241,ok
internal_139325122951936,1.9275199442382416,False,2,,,-0.6413320023491367,10.012317824356023,12.60625986307241,ok
KY549297_2009_07_01,5.6943389685543195,True,1,19.37448765096014,21.320464799851276,-0.6416440171839617,,,ok
OP751664_2016_07_01,5.651173111713547,True,1,19.37448765096014,21.320464799851276,-0.643668637999971,,,ok
OP751663_2016_07_01,5.651173111713547,True,1,19.37448765096014,21.320464799851276,-0.643668637999971,,,ok
LC718899_2020_07_01,5.614020457600475,True,1,19.37448765096014,21.320464799851276,-0.6454112198086627,,,ok
internal_139325122951168,1.8608785682533693,False,9,,,-0.6466183740968812,10.012317824356023,12.60625986307241,ok
KY549210_2009_07_01,5.587946292095282,True,1,19.37448765096014,21.320464799851276,-0.6466341840240288,,,ok
KY549209_2009_07_01,5.587946292095282,True,1,19.37448765096014,21.320464799851276,-0.6466341840240288,,,ok
internal_139325123006384,1.8572803355554868,False,2,,,-0.6469038063136502,10.012317824356023,12.60625986307241,ok
internal_139325123004080,1.8561233061208071,False,2,,,-0.6469955884478634,10.012317824356023,12.60625986307241,ok
internal_139325122952032,1.8555469449435407,False,4,,,-0.6470413086839625,10.012317824356023,12.60625986307241,ok
internal_139325123184112,1.8519234818675159,False,2,,,-0.6473287423173624,10.012317824356023,12.60625986307241,ok
JQ067943_2003_07_01,5.5540867115459776,True,1,19.37448765096014,21.320464799851276,-0.6482223098396321,,,ok
KY549197_2008_07_01,5.534839649159551,True,1,19.37448765096014,21.320464799851276,-0.6491250604394483,,,ok
KY549158_2008_07_01,5.534839649159551,True,1,19.37448765096014,21.320464799851276,-0.6491250604394483,,,ok
OP751677_2016_07_01,5.47342615423949,True,1,19.37448765096014,21.320464799851276,-0.6520055555645119,,,ok
internal_139325123135152,1.7812449915016941,False,6,,,-0.6529353608650935,10.012317824356023,12.60625986307241,ok
LC888265_2022_07_01,5.443505731459993,True,1,19.37448765096014,21.320464799851276,-0.6534089219104325,,,ok
KY549200_2008_07_01,5.4424857430307725,True,1,19.37448765096014,21.320464799851276,-0.6534567627262307,,,ok
internal_139325126895776,1.762783542472647,False,3,,,-0.6543998276640944,10.012317824356023,12.60625986307241,ok
KY549261_2008_07_01,5.4071528468652446,True,1,19.37448765096014,21.320464799851276,-0.6551139918953516,,,ok
internal_139325123005904,1.7169651873517182,False,3,,,-0.6580343993466238,10.012317824356023,12.60625986307241,ok
FJ610149_2008_07_01,5.301714432952053,True,1,19.37448765096014,21.320464799851276,-0.6600594006799634,,,ok
KY549299_2009_07_01,5.257716529322693,True,1,19.37448765096014,21.320464799851276,-0.6621230472299986,,,ok
KY549236_2011_07_01,5.243549259133701,True,1,19.37448765096014,21.320464799851276,-0.6627875388497634,,,ok
KY549188_2008_07_01,5.231832173260898,True,1,19.37448765096014,21.320464799851276,-0.6633371087574929,,,ok
internal_139325125401712,1.641565643302414,False,4,,,-0.664015518637221,10.012317824356023,12.60625986307241,ok
KY549170_2008_07_01,5.092256233421438,True,1,19.37448765096014,21.320464799851276,-0.6698836799110651,,,ok
KY549321_2009_07_01,5.0847458995082775,True,1,19.37448765096014,21.320464799851276,-0.670235939300514,,,ok
internal_139325122952512,1.542192216385871,False,2,,,-0.6718983822300649,10.012317824356023,12.60625986307241,ok
OP712079_2017_08_15,5.043744300049866,True,1,19.37448765096014,21.320464799851276,-0.6721590493191425,,,ok
OP711986_2017_08_15,5.043744300049866,True,1,19.37448765096014,21.320464799851276,-0.6721590493191425,,,ok
internal_139325123003744,1.5380654286531126,False,12,,,-0.672225742428695,10.012317824356023,12.60625986307241,ok
internal_139325123492320,1.5223538882112848,False,3,,,-0.6734720708887209,10.012317824356023,12.60625986307241,ok
internal_139325123007296,1.5210101248843841,False,12,,,-0.6735786658139006,10.012317824356023,12.60625986307241,ok
internal_139325122951024,1.502212004755222,False,4,,,-0.6750698392732252,10.012317824356023,12.60625986307241,ok
PV353981_2021_02_22,4.913572423992207,True,1,19.37448765096014,21.320464799851276,-0.6782645389170319,,,ok
OP751650_2016_07_01,4.911685847608112,True,1,19.37448765096014,21.320464799851276,-0.6783530255612868,,,ok
OP751618_2016_07_01,4.911685847608112,True,1,19.37448765096014,21.320464799851276,-0.6783530255612868,,,ok
KY549192_2008_07_01,4.908425224366425,True,1,19.37448765096014,21.320464799851276,-0.678505959527422,,,ok
KP212156_2011_08_11,4.903764011339774,True,1,19.37448765096014,21.320464799851276,-0.6787245857661278,,,ok
OP971080_2017_05_23,4.848595202587489,True,1,19.37448765096014,21.320464799851276,-0.6813121845483396,,,ok
KY549193_2008_07_01,4.811855108826748,True,1,19.37448765096014,21.320464799851276,-0.683035415918089,,,ok
OP751676_2016_07_01,4.789280938008744,True,1,19.37448765096014,21.320464799851276,-0.684094218858359,,,ok
OP751554_2016_07_01,4.789280938008744,True,1,19.37448765096014,21.320464799851276,-0.684094218858359,,,ok
KX947279_2014_07_01,4.7286257381828705,True,1,19.37448765096014,21.320464799851276,-0.6869391474467027,,,ok
KX947280_2014_07_01,4.7286257381828705,True,1,19.37448765096014,21.320464799851276,-0.6869391474467027,,,ok
internal_139325123188384,1.3370181137866552,False,6,,,-0.6881739552253697,10.012317824356023,12.60625986307241,ok
internal_139325125408816,1.3215166639592155,False,4,,,-0.6894036181068123,10.012317824356023,12.60625986307241,ok
internal_139325121652752,1.3137723620742463,False,19,,,-0.6900179400364795,10.012317824356023,12.60625986307241,ok
internal_139325123197408,1.3136310396973272,False,2,,,-0.6900291505286044,10.012317824356023,12.60625986307241,ok
KF880690_2011_02_21,4.634616962139205,True,1,19.37448765096014,21.320464799851276,-0.6913484685814052,,,ok
OP728345_2018_07_01,4.565906677751997,True,1,19.37448765096014,21.320464799851276,-0.6945712071582719,,,ok
OP728341_2018_07_01,4.565906677751997,True,1,19.37448765096014,21.320464799851276,-0.6945712071582719,,,ok
KY549295_2010_07_01,4.552229977590827,True,1,19.37448765096014,21.320464799851276,-0.6952126894284552,,,ok
KY549288_2009_07_01,4.5520271507245695,True,1,19.37448765096014,21.320464799851276,-0.695222202676321,,,ok
OP971046_2017_02_02,4.547225339573856,True,1,19.37448765096014,21.320464799851276,-0.6954474234299861,,,ok
internal_139325123136304,1.2405850269771577,False,2,,,-0.6958235743714877,10.012317824356023,12.60625986307241,ok
internal_139325122938304,1.2205820641575542,False,5,,,-0.6974103227835364,10.012317824356023,12.60625986307241,ok
internal_139325125402000,1.2204747793763602,False,2,,,-0.6974188332206017,10.012317824356023,12.60625986307241,ok
internal_139325122938256,1.2115201358864454,False,3,,,-0.6981291663080662,10.012317824356023,12.60625986307241,ok
internal_139325122940464,1.2096887436211006,False,7,,,-0.6982744427251191,10.012317824356023,12.60625986307241,ok
internal_139325123003792,1.2051356239368545,False,11,,,-0.6986356219911108,10.012317824356023,12.60625986307241,ok
OP751652_2016_07_01,4.474740130985765,True,1,19.37448765096014,21.320464799851276,-0.6988472183813887,,,ok
KY549277_2008_07_01,4.406682097075304,True,1,19.37448765096014,21.320464799851276,-0.7020393642632616,,,ok
KY549184_2008_07_01,4.406682097075304,True,1,19.37448765096014,21.320464799851276,-0.7020393642632616,,,ok
KY549245_2009_07_01,4.391707802815688,True,1,19.37448765096014,21.320464799851276,-0.7027417079691887,,,ok
PV051164_2021_07_01,4.342843216440329,True,1,19.37448765096014,21.320464799851276,-0.7050336179643076,,,ok
internal_139325123017328,1.1140952196859928,False,3,,,-0.7058574629843738,10.012317824356023,12.60625986307241,ok
internal_139325123005328,1.0602181061040312,False,18,,,-0.7101313010749072,10.012317824356023,12.60625986307241,ok
internal_139325123009840,1.0543233240780125,False,13,,,-0.7105989086040274,10.012317824356023,12.60625986307241,ok
OP751584_2016_07_01,4.152718929974711,True,1,19.37448765096014,21.320464799851276,-0.713951073012799,,,ok
OP751608_2016_07_01,4.152718929974711,True,1,19.37448765096014,21.320464799851276,-0.713951073012799,,,ok
KY549301_2009_07_01,4.148872019947703,True,1,19.37448765096014,21.320464799851276,-0.7141315057596046,,,ok
KY549191_2008_07_01,4.086123248112187,True,1,19.37448765096014,21.320464799851276,-0.7170746297686061,,,ok
KY549254_2009_07_01,4.049348420384945,True,1,19.37448765096014,21.320464799851276,-0.7187994902757513,,,ok
OP751674_2016_07_01,4.042547421442151,True,1,19.37448765096014,21.320464799851276,-0.7191184795194963,,,ok
OP751655_2016_07_01,4.042547421442151,True,1,19.37448765096014,21.320464799851276,-0.7191184795194963,,,ok
PV051149_2017_07_01,3.999271001675595,True,1,19.37448765096014,21.320464799851276,-0.7211482861007701,,,ok
internal_139325123005568,0.8686683987386488,False,7,,,-0.7253261098005698,10.012317824356023,12.60625986307241,ok
internal_139325122706464,0.8334785349280764,False,3,,,-0.7281175692971056,10.012317824356023,12.60625986307241,ok
internal_139325123006336,0.8326323884707847,False,3,,,-0.7281846904310885,10.012317824356023,12.60625986307241,ok
KY549230_2010_07_01,3.8487189625499525,True,1,19.37448765096014,21.320464799851276,-0.7282096724513478,,,ok
KY549293_2009_07_01,3.8370586329988328,True,1,19.37448765096014,21.320464799851276,-0.7287565803007114,,,ok
KY549213_2009_07_01,3.8370586329988328,True,1,19.37448765096014,21.320464799851276,-0.7287565803007114,,,ok
internal_139325122705744,0.815552961214081,False,2,,,-0.7295395274281216,10.012317824356023,12.60625986307241,ok
OP751606_2016_07_01,3.818680962708356,True,1,19.37448765096014,21.320464799851276,-0.7296185535486214,,,ok
internal_139325123005136,0.771011146824776,False,43,,,-0.7330728366628282,10.012317824356023,12.60625986307241,ok
LC888266_2022_07_01,3.7324885739359104,True,1,19.37448765096014,21.320464799851276,-0.7336612603836546,,,ok
internal_139325123490784,0.7492035314178622,False,2,,,-0.7348027403490749,10.012317824356023,12.60625986307241,ok
KY549313_2009_07_01,3.5522299775908266,True,1,19.37448765096014,21.320464799851276,-0.7421159820812013,,,ok
OP751559_2016_07_01,3.510734343167428,True,1,19.37448765096014,21.320464799851276,-0.7440622639663734,,,ok
OP751623_2016_07_01,3.510734343167428,True,1,19.37448765096014,21.320464799851276,-0.7440622639663734,,,ok
KY549178_2008_07_01,3.505142699064379,True,1,19.37448765096014,21.320464799851276,-0.7443245304861488,,,ok
internal_139325122215712,0.6083781626541622,False,2,,,-0.745973806969415,10.012317824356023,12.60625986307241,ok
KY549166_2008_07_01,3.44249860539702,True,1,19.37448765096014,21.320464799851276,-0.7472627447443949,,,ok
OP751657_2016_07_01,3.3715001669449975,True,1,19.37448765096014,21.320464799851276,-0.7505928052809981,,,ok
OP751572_2016_07_01,3.3715001669449975,True,1,19.37448765096014,21.320464799851276,-0.7505928052809981,,,ok
internal_139325123003552,0.5402621497864857,False,61,,,-0.7513771552747445,10.012317824356023,12.60625986307241,ok
internal_139325123006288,0.5381203235251064,False,4,,,-0.7515470570762814,10.012317824356023,12.60625986307241,ok
KY549171_2008_07_01,3.246820843771303,True,1,19.37448765096014,21.320464799851276,-0.7564406760635602,,,ok
FJ610147_2008_07_01,3.246820843771303,True,1,19.37448765096014,21.320464799851276,-0.7564406760635602,,,ok
internal_139325123006240,0.45428266877982537,False,5,,,-0.7581975351447899,10.012317824356023,12.60625986307241,ok
KY549160_2008_07_01,3.2046499624190687,True,1,19.37448765096014,21.320464799851276,-0.7584186292530484,,,ok
KY549167_2008_07_01,3.2046499624190687,True,1,19.37448765096014,21.320464799851276,-0.7584186292530484,,,ok
internal_139325122215136,0.43943673469263445,False,2,,,-0.759375198801453,10.012317824356023,12.60625986307241,ok
KY549182_2008_07_01,3.150249368551613,True,1,19.37448765096014,21.320464799851276,-0.7609701962276968,,,ok
KY549157_2008_07_01,3.1291882618240834,True,1,19.37448765096014,21.320464799851276,-0.7619580314801289,,,ok
KY549183_2008_07_01,3.1135950064762596,True,1,19.37448765096014,21.320464799851276,-0.7626894064991169,,,ok
internal_139325123491504,0.38098639553621183,False,24,,,-0.7640118110711748,10.012317824356023,12.60625986307241,ok
KY549161_2008_07_01,3.0507257689888547,True,1,19.37448765096014,21.320464799851276,-0.7656381807438436,,,ok
internal_139325122706224,0.35186345615903747,False,6,,,-0.7663220077269238,10.012317824356023,12.60625986307241,ok
KY549207_2009_07_01,2.9907813457008956,True,1,19.37448765096014,21.320464799851276,-0.7684497715722188,,,ok
KY549309_2009_07_01,2.9840389778009637,True,1,19.37448765096014,21.320464799851276,-0.7687660108270018,,,ok
internal_139325123492896,0.3105533019561335,False,5,,,-0.7695989633546525,10.012317824356023,12.60625986307241,ok
internal_139325122706128,0.3003350590914806,False,5,,,-0.770409532308144,10.012317824356023,12.60625986307241,ok
KY549214_2009_07_01,2.8487189625499525,True,1,19.37448765096014,21.320464799851276,-0.7751129651040941,,,ok
internal_139325123007968,0.22900006686509755,False,5,,,-0.7760682283053084,10.012317824356023,12.60625986307241,ok
internal_139325122952080,0.09186205854454954,False,5,,,-0.7869467925908399,10.012317824356023,12.60625986307241,ok
KY549185_2008_07_01,2.495585506231805,True,1,19.37448765096014,21.320464799851276,-0.7916760869512599,,,ok
KY549187_2008_07_01,2.495585506231805,True,1,19.37448765096014,21.320464799851276,-0.7916760869512599,,,ok
OP751576_2016_07_01,2.4782789639050407,True,1,19.37448765096014,21.320464799851276,-0.7924878207708194,,,ok
OP751684_2016_07_01,2.4782789639050407,True,1,19.37448765096014,21.320464799851276,-0.7924878207708194,,,ok
KY549284_2008_07_01,2.4514774517053866,True,1,19.37448765096014,21.320464799851276,-0.7937448999410559,,,ok
KY549311_2010_07_01,2.4477876681962414,True,1,19.37448765096014,21.320464799851276,-0.7939179629368106,,,ok
KY549270_2010_07_01,2.4477876681962414,True,1,19.37448765096014,21.320464799851276,-0.7939179629368106,,,ok
internal_139325136031184,0.0,False,528,,,-0.7942338118608172,10.012317824356023,12.60625986307241,ok
OP751598_2016_07_01,2.427557241410824,True,1,19.37448765096014,21.320464799851276,-0.7948668365648169,,,ok
OP751631_2016_07_01,2.427557241410824,True,1,19.37448765096014,21.320464799851276,-0.7948668365648169,,,ok
KY549268_2009_07_01,2.3668019565094625,True,1,19.37448765096014,21.320464799851276,-0.7977164594727465,,,ok
KY549264_2008_07_01,2.1617057663132755,True,1,19.37448765096014,21.320464799851276,-0.8073361461034816,,,ok
JQ004094_2010_07_01,1.9846794165910637,True,1,19.37448765096014,21.320464799851276,-0.8156392647917499,,,ok
PV051131_2024_07_01,1.5226906016878843,True,1,19.37448765096014,21.320464799851276,-0.8373080613794491,,,ok
PV051137_2024_07_01,1.5226906016878843,True,1,19.37448765096014,21.320464799851276,-0.8373080613794491,,,ok
internal_139325128001104,-0.5578433758218608,False,12,,,-0.8384851109678548,10.012317824356023,12.60625986307241,ok
internal_139325122950736,-0.618588754924204,False,3,,,-0.8433037788171734,10.012317824356023,12.60625986307241,ok
OP712097_2017_08_15,1.2588331150358272,True,1,19.37448765096014,21.320464799851276,-0.8496838462945087,,,ok
OP712041_2017_08_15,1.2588331150358272,True,1,19.37448765096014,21.320464799851276,-0.8496838462945087,,,ok
MH892050_2017_06_15,1.2231614650881397,True,1,19.37448765096014,21.320464799851276,-0.8513569641314114,,,ok
JQ004099_2010_07_01,0.7440943896139061,True,1,19.37448765096014,21.320464799851276,-0.8738267873726746,,,ok
